measure,year,provisional,p,k_eur_year,source
gest,2021,False,0.1,16.6,"CBS StatLine income percentiles (k EUR/year), particuliere huishoudens excl. studenten; gest = standardised, disp = disposable income. StatLine table and download date not recorded; the values are not verified against StatLine"
gest,2021,False,0.2,20.4,"CBS StatLine income percentiles (k EUR/year), particuliere huishoudens excl. studenten; gest = standardised, disp = disposable income. StatLine table and download date not recorded; the values are not verified against StatLine"
gest,2021,False,0.3,23.4,"CBS StatLine income percentiles (k EUR/year), particuliere huishoudens excl. studenten; gest = standardised, disp = disposable income. StatLine table and download date not recorded; the values are not verified against StatLine"
gest,2021,False,0.4,26.9,"CBS StatLine income percentiles (k EUR/year), particuliere huishoudens excl. studenten; gest = standardised, disp = disposable income. StatLine table and download date not recorded; the values are not verified against StatLine"
gest,2021,False,0.5,30.4,"CBS StatLine income percentiles (k EUR/year), particuliere huishoudens excl. studenten; gest = standardised, disp = disposable income. StatLine table and download date not recorded; the values are not verified against StatLine"
gest,2021,False,0.6,34.1,"CBS StatLine income percentiles (k EUR/year), particuliere huishoudens excl. studenten; gest = standardised, disp = disposable income. StatLine table and download date not recorded; the values are not verified against StatLine"
gest,2021,False,0.7,38.2,"CBS StatLine income percentiles (k EUR/year), particuliere huishoudens excl. studenten; gest = standardised, disp = disposable income. StatLine table and download date not recorded; the values are not verified against StatLine"
gest,2021,False,0.8,43.5,"CBS StatLine income percentiles (k EUR/year), particuliere huishoudens excl. studenten; gest = standardised, disp = disposable income. StatLine table and download date not recorded; the values are not verified against StatLine"
gest,2021,False,0.9,52.6,"CBS StatLine income percentiles (k EUR/year), particuliere huishoudens excl. studenten; gest = standardised, disp = disposable income. StatLine table and download date not recorded; the values are not verified against StatLine"
gest,2022,False,0.1,18.4,"CBS StatLine income percentiles (k EUR/year), particuliere huishoudens excl. studenten; gest = standardised, disp = disposable income. StatLine table and download date not recorded; the values are not verified against StatLine"
gest,2022,False,0.2,21.8,"CBS StatLine income percentiles (k EUR/year), particuliere huishoudens excl. studenten; gest = standardised, disp = disposable income. StatLine table and download date not recorded; the values are not verified against StatLine"
gest,2022,False,0.3,24.8,"CBS StatLine income percentiles (k EUR/year), particuliere huishoudens excl. studenten; gest = standardised, disp = disposable income. StatLine table and download date not recorded; the values are not verified against StatLine"
gest,2022,False,0.4,28.5,"CBS StatLine income percentiles (k EUR/year), particuliere huishoudens excl. studenten; gest = standardised, disp = disposable income. StatLine table and download date not recorded; the values are not verified against StatLine"
gest,2022,False,0.5,32.1,"CBS StatLine income percentiles (k EUR/year), particuliere huishoudens excl. studenten; gest = standardised, disp = disposable income. StatLine table and download date not recorded; the values are not verified against StatLine"
gest,2022,False,0.6,35.9,"CBS StatLine income percentiles (k EUR/year), particuliere huishoudens excl. studenten; gest = standardised, disp = disposable income. StatLine table and download date not recorded; the values are not verified against StatLine"
gest,2022,False,0.7,40.2,"CBS StatLine income percentiles (k EUR/year), particuliere huishoudens excl. studenten; gest = standardised, disp = disposable income. StatLine table and download date not recorded; the values are not verified against StatLine"
gest,2022,False,0.8,45.7,"CBS StatLine income percentiles (k EUR/year), particuliere huishoudens excl. studenten; gest = standardised, disp = disposable income. StatLine table and download date not recorded; the values are not verified against StatLine"
gest,2022,False,0.9,55.1,"CBS StatLine income percentiles (k EUR/year), particuliere huishoudens excl. studenten; gest = standardised, disp = disposable income. StatLine table and download date not recorded; the values are not verified against StatLine"
gest,2023,False,0.1,19.9,"CBS StatLine income percentiles (k EUR/year), particuliere huishoudens excl. studenten; gest = standardised, disp = disposable income. StatLine table and download date not recorded; the values are not verified against StatLine"
gest,2023,False,0.2,23.8,"CBS StatLine income percentiles (k EUR/year), particuliere huishoudens excl. studenten; gest = standardised, disp = disposable income. StatLine table and download date not recorded; the values are not verified against StatLine"
gest,2023,False,0.3,27.1,"CBS StatLine income percentiles (k EUR/year), particuliere huishoudens excl. studenten; gest = standardised, disp = disposable income. StatLine table and download date not recorded; the values are not verified against StatLine"
gest,2023,False,0.4,30.8,"CBS StatLine income percentiles (k EUR/year), particuliere huishoudens excl. studenten; gest = standardised, disp = disposable income. StatLine table and download date not recorded; the values are not verified against StatLine"
gest,2023,False,0.5,34.6,"CBS StatLine income percentiles (k EUR/year), particuliere huishoudens excl. studenten; gest = standardised, disp = disposable income. StatLine table and download date not recorded; the values are not verified against StatLine"
gest,2023,False,0.6,38.6,"CBS StatLine income percentiles (k EUR/year), particuliere huishoudens excl. studenten; gest = standardised, disp = disposable income. StatLine table and download date not recorded; the values are not verified against StatLine"
gest,2023,False,0.7,43.0,"CBS StatLine income percentiles (k EUR/year), particuliere huishoudens excl. studenten; gest = standardised, disp = disposable income. StatLine table and download date not recorded; the values are not verified against StatLine"
gest,2023,False,0.8,48.9,"CBS StatLine income percentiles (k EUR/year), particuliere huishoudens excl. studenten; gest = standardised, disp = disposable income. StatLine table and download date not recorded; the values are not verified against StatLine"
gest,2023,False,0.9,58.6,"CBS StatLine income percentiles (k EUR/year), particuliere huishoudens excl. studenten; gest = standardised, disp = disposable income. StatLine table and download date not recorded; the values are not verified against StatLine"
gest,2024,True,0.1,20.5,"CBS StatLine income percentiles (k EUR/year), particuliere huishoudens excl. studenten; gest = standardised, disp = disposable income. StatLine table and download date not recorded; the values are not verified against StatLine"
gest,2024,True,0.2,25.1,"CBS StatLine income percentiles (k EUR/year), particuliere huishoudens excl. studenten; gest = standardised, disp = disposable income. StatLine table and download date not recorded; the values are not verified against StatLine"
gest,2024,True,0.3,28.9,"CBS StatLine income percentiles (k EUR/year), particuliere huishoudens excl. studenten; gest = standardised, disp = disposable income. StatLine table and download date not recorded; the values are not verified against StatLine"
gest,2024,True,0.4,32.9,"CBS StatLine income percentiles (k EUR/year), particuliere huishoudens excl. studenten; gest = standardised, disp = disposable income. StatLine table and download date not recorded; the values are not verified against StatLine"
gest,2024,True,0.5,37.0,"CBS StatLine income percentiles (k EUR/year), particuliere huishoudens excl. studenten; gest = standardised, disp = disposable income. StatLine table and download date not recorded; the values are not verified against StatLine"
gest,2024,True,0.6,41.3,"CBS StatLine income percentiles (k EUR/year), particuliere huishoudens excl. studenten; gest = standardised, disp = disposable income. StatLine table and download date not recorded; the values are not verified against StatLine"
gest,2024,True,0.7,46.0,"CBS StatLine income percentiles (k EUR/year), particuliere huishoudens excl. studenten; gest = standardised, disp = disposable income. StatLine table and download date not recorded; the values are not verified against StatLine"
gest,2024,True,0.8,52.1,"CBS StatLine income percentiles (k EUR/year), particuliere huishoudens excl. studenten; gest = standardised, disp = disposable income. StatLine table and download date not recorded; the values are not verified against StatLine"
gest,2024,True,0.9,62.3,"CBS StatLine income percentiles (k EUR/year), particuliere huishoudens excl. studenten; gest = standardised, disp = disposable income. StatLine table and download date not recorded; the values are not verified against StatLine"
disp,2021,False,0.1,18.7,"CBS StatLine income percentiles (k EUR/year), particuliere huishoudens excl. studenten; gest = standardised, disp = disposable income. StatLine table and download date not recorded; the values are not verified against StatLine"
disp,2021,False,0.2,23.5,"CBS StatLine income percentiles (k EUR/year), particuliere huishoudens excl. studenten; gest = standardised, disp = disposable income. StatLine table and download date not recorded; the values are not verified against StatLine"
disp,2021,False,0.3,28.7,"CBS StatLine income percentiles (k EUR/year), particuliere huishoudens excl. studenten; gest = standardised, disp = disposable income. StatLine table and download date not recorded; the values are not verified against StatLine"
disp,2021,False,0.4,34.1,"CBS StatLine income percentiles (k EUR/year), particuliere huishoudens excl. studenten; gest = standardised, disp = disposable income. StatLine table and download date not recorded; the values are not verified against StatLine"
disp,2021,False,0.5,40.6,"CBS StatLine income percentiles (k EUR/year), particuliere huishoudens excl. studenten; gest = standardised, disp = disposable income. StatLine table and download date not recorded; the values are not verified against StatLine"
disp,2021,False,0.6,48.6,"CBS StatLine income percentiles (k EUR/year), particuliere huishoudens excl. studenten; gest = standardised, disp = disposable income. StatLine table and download date not recorded; the values are not verified against StatLine"
disp,2021,False,0.7,57.5,"CBS StatLine income percentiles (k EUR/year), particuliere huishoudens excl. studenten; gest = standardised, disp = disposable income. StatLine table and download date not recorded; the values are not verified against StatLine"
disp,2021,False,0.8,68.3,"CBS StatLine income percentiles (k EUR/year), particuliere huishoudens excl. studenten; gest = standardised, disp = disposable income. StatLine table and download date not recorded; the values are not verified against StatLine"
disp,2021,False,0.9,85.8,"CBS StatLine income percentiles (k EUR/year), particuliere huishoudens excl. studenten; gest = standardised, disp = disposable income. StatLine table and download date not recorded; the values are not verified against StatLine"
disp,2022,False,0.1,20.3,"CBS StatLine income percentiles (k EUR/year), particuliere huishoudens excl. studenten; gest = standardised, disp = disposable income. StatLine table and download date not recorded; the values are not verified against StatLine"
disp,2022,False,0.2,25.0,"CBS StatLine income percentiles (k EUR/year), particuliere huishoudens excl. studenten; gest = standardised, disp = disposable income. StatLine table and download date not recorded; the values are not verified against StatLine"
disp,2022,False,0.3,30.2,"CBS StatLine income percentiles (k EUR/year), particuliere huishoudens excl. studenten; gest = standardised, disp = disposable income. StatLine table and download date not recorded; the values are not verified against StatLine"
disp,2022,False,0.4,35.9,"CBS StatLine income percentiles (k EUR/year), particuliere huishoudens excl. studenten; gest = standardised, disp = disposable income. StatLine table and download date not recorded; the values are not verified against StatLine"
disp,2022,False,0.5,42.7,"CBS StatLine income percentiles (k EUR/year), particuliere huishoudens excl. studenten; gest = standardised, disp = disposable income. StatLine table and download date not recorded; the values are not verified against StatLine"
disp,2022,False,0.6,51.1,"CBS StatLine income percentiles (k EUR/year), particuliere huishoudens excl. studenten; gest = standardised, disp = disposable income. StatLine table and download date not recorded; the values are not verified against StatLine"
disp,2022,False,0.7,60.6,"CBS StatLine income percentiles (k EUR/year), particuliere huishoudens excl. studenten; gest = standardised, disp = disposable income. StatLine table and download date not recorded; the values are not verified against StatLine"
disp,2022,False,0.8,71.9,"CBS StatLine income percentiles (k EUR/year), particuliere huishoudens excl. studenten; gest = standardised, disp = disposable income. StatLine table and download date not recorded; the values are not verified against StatLine"
disp,2022,False,0.9,90.1,"CBS StatLine income percentiles (k EUR/year), particuliere huishoudens excl. studenten; gest = standardised, disp = disposable income. StatLine table and download date not recorded; the values are not verified against StatLine"
disp,2023,False,0.1,21.9,"CBS StatLine income percentiles (k EUR/year), particuliere huishoudens excl. studenten; gest = standardised, disp = disposable income. StatLine table and download date not recorded; the values are not verified against StatLine"
disp,2023,False,0.2,27.1,"CBS StatLine income percentiles (k EUR/year), particuliere huishoudens excl. studenten; gest = standardised, disp = disposable income. StatLine table and download date not recorded; the values are not verified against StatLine"
disp,2023,False,0.3,32.6,"CBS StatLine income percentiles (k EUR/year), particuliere huishoudens excl. studenten; gest = standardised, disp = disposable income. StatLine table and download date not recorded; the values are not verified against StatLine"
disp,2023,False,0.4,38.4,"CBS StatLine income percentiles (k EUR/year), particuliere huishoudens excl. studenten; gest = standardised, disp = disposable income. StatLine table and download date not recorded; the values are not verified against StatLine"
disp,2023,False,0.5,45.7,"CBS StatLine income percentiles (k EUR/year), particuliere huishoudens excl. studenten; gest = standardised, disp = disposable income. StatLine table and download date not recorded; the values are not verified against StatLine"
disp,2023,False,0.6,54.8,"CBS StatLine income percentiles (k EUR/year), particuliere huishoudens excl. studenten; gest = standardised, disp = disposable income. StatLine table and download date not recorded; the values are not verified against StatLine"
disp,2023,False,0.7,65.1,"CBS StatLine income percentiles (k EUR/year), particuliere huishoudens excl. studenten; gest = standardised, disp = disposable income. StatLine table and download date not recorded; the values are not verified against StatLine"
disp,2023,False,0.8,77.1,"CBS StatLine income percentiles (k EUR/year), particuliere huishoudens excl. studenten; gest = standardised, disp = disposable income. StatLine table and download date not recorded; the values are not verified against StatLine"
disp,2023,False,0.9,96.6,"CBS StatLine income percentiles (k EUR/year), particuliere huishoudens excl. studenten; gest = standardised, disp = disposable income. StatLine table and download date not recorded; the values are not verified against StatLine"
disp,2024,True,0.1,22.6,"CBS StatLine income percentiles (k EUR/year), particuliere huishoudens excl. studenten; gest = standardised, disp = disposable income. StatLine table and download date not recorded; the values are not verified against StatLine"
disp,2024,True,0.2,28.7,"CBS StatLine income percentiles (k EUR/year), particuliere huishoudens excl. studenten; gest = standardised, disp = disposable income. StatLine table and download date not recorded; the values are not verified against StatLine"
disp,2024,True,0.3,34.5,"CBS StatLine income percentiles (k EUR/year), particuliere huishoudens excl. studenten; gest = standardised, disp = disposable income. StatLine table and download date not recorded; the values are not verified against StatLine"
disp,2024,True,0.4,40.9,"CBS StatLine income percentiles (k EUR/year), particuliere huishoudens excl. studenten; gest = standardised, disp = disposable income. StatLine table and download date not recorded; the values are not verified against StatLine"
disp,2024,True,0.5,48.7,"CBS StatLine income percentiles (k EUR/year), particuliere huishoudens excl. studenten; gest = standardised, disp = disposable income. StatLine table and download date not recorded; the values are not verified against StatLine"
disp,2024,True,0.6,58.4,"CBS StatLine income percentiles (k EUR/year), particuliere huishoudens excl. studenten; gest = standardised, disp = disposable income. StatLine table and download date not recorded; the values are not verified against StatLine"
disp,2024,True,0.7,69.4,"CBS StatLine income percentiles (k EUR/year), particuliere huishoudens excl. studenten; gest = standardised, disp = disposable income. StatLine table and download date not recorded; the values are not verified against StatLine"
disp,2024,True,0.8,82.4,"CBS StatLine income percentiles (k EUR/year), particuliere huishoudens excl. studenten; gest = standardised, disp = disposable income. StatLine table and download date not recorded; the values are not verified against StatLine"
disp,2024,True,0.9,102.8,"CBS StatLine income percentiles (k EUR/year), particuliere huishoudens excl. studenten; gest = standardised, disp = disposable income. StatLine table and download date not recorded; the values are not verified against StatLine"
