post,hh_key,eur,source,note
shelter,single,521.0,"Van den Brakel et al. (2023), tussenrapport minimum budgets, bijlage B.4.1 (tabellen B.4.1-B.4.4), EUR/month, prijspeil 1 Jan 2023; empty = '*' (no minimum specified)",
shelter,couple,593.0,"Van den Brakel et al. (2023), tussenrapport minimum budgets, bijlage B.4.1 (tabellen B.4.1-B.4.4), EUR/month, prijspeil 1 Jan 2023; empty = '*' (no minimum specified)",
shelter,single_aow,543.0,"Van den Brakel et al. (2023), tussenrapport minimum budgets, bijlage B.4.1 (tabellen B.4.1-B.4.4), EUR/month, prijspeil 1 Jan 2023; empty = '*' (no minimum specified)","printed as 521 in tabel B.4.2; 543 (tabel 4.1, gemiddelde huur t/m 120% SM) reproduces the published column total"
shelter,couple_aow,629.0,"Van den Brakel et al. (2023), tussenrapport minimum budgets, bijlage B.4.1 (tabellen B.4.1-B.4.4), EUR/month, prijspeil 1 Jan 2023; empty = '*' (no minimum specified)",
shelter,ep_1k8,651.0,"Van den Brakel et al. (2023), tussenrapport minimum budgets, bijlage B.4.1 (tabellen B.4.1-B.4.4), EUR/month, prijspeil 1 Jan 2023; empty = '*' (no minimum specified)",
shelter,ep_2k813,651.0,"Van den Brakel et al. (2023), tussenrapport minimum budgets, bijlage B.4.1 (tabellen B.4.1-B.4.4), EUR/month, prijspeil 1 Jan 2023; empty = '*' (no minimum specified)",
shelter,ep_3k111315,651.0,"Van den Brakel et al. (2023), tussenrapport minimum budgets, bijlage B.4.1 (tabellen B.4.1-B.4.4), EUR/month, prijspeil 1 Jan 2023; empty = '*' (no minimum specified)",
shelter,pk_1k8,679.0,"Van den Brakel et al. (2023), tussenrapport minimum budgets, bijlage B.4.1 (tabellen B.4.1-B.4.4), EUR/month, prijspeil 1 Jan 2023; empty = '*' (no minimum specified)",
shelter,pk_2k813,679.0,"Van den Brakel et al. (2023), tussenrapport minimum budgets, bijlage B.4.1 (tabellen B.4.1-B.4.4), EUR/month, prijspeil 1 Jan 2023; empty = '*' (no minimum specified)",
shelter,pk_3k111315,679.0,"Van den Brakel et al. (2023), tussenrapport minimum budgets, bijlage B.4.1 (tabellen B.4.1-B.4.4), EUR/month, prijspeil 1 Jan 2023; empty = '*' (no minimum specified)",
shelter,pk_adultchild,679.0,"Van den Brakel et al. (2023), tussenrapport minimum budgets, bijlage B.4.1 (tabellen B.4.1-B.4.4), EUR/month, prijspeil 1 Jan 2023; empty = '*' (no minimum specified)",
shelter,wlz_aow,533.0,"Van den Brakel et al. (2023), tussenrapport minimum budgets, bijlage B.4.1 (tabellen B.4.1-B.4.4), EUR/month, prijspeil 1 Jan 2023; empty = '*' (no minimum specified)",
energie,single,161.0,"Van den Brakel et al. (2023), tussenrapport minimum budgets, bijlage B.4.1 (tabellen B.4.1-B.4.4), EUR/month, prijspeil 1 Jan 2023; empty = '*' (no minimum specified)",
energie,couple,195.0,"Van den Brakel et al. (2023), tussenrapport minimum budgets, bijlage B.4.1 (tabellen B.4.1-B.4.4), EUR/month, prijspeil 1 Jan 2023; empty = '*' (no minimum specified)",
energie,single_aow,173.0,"Van den Brakel et al. (2023), tussenrapport minimum budgets, bijlage B.4.1 (tabellen B.4.1-B.4.4), EUR/month, prijspeil 1 Jan 2023; empty = '*' (no minimum specified)",
energie,couple_aow,207.0,"Van den Brakel et al. (2023), tussenrapport minimum budgets, bijlage B.4.1 (tabellen B.4.1-B.4.4), EUR/month, prijspeil 1 Jan 2023; empty = '*' (no minimum specified)",
energie,ep_1k8,234.0,"Van den Brakel et al. (2023), tussenrapport minimum budgets, bijlage B.4.1 (tabellen B.4.1-B.4.4), EUR/month, prijspeil 1 Jan 2023; empty = '*' (no minimum specified)",
energie,ep_2k813,256.0,"Van den Brakel et al. (2023), tussenrapport minimum budgets, bijlage B.4.1 (tabellen B.4.1-B.4.4), EUR/month, prijspeil 1 Jan 2023; empty = '*' (no minimum specified)",
energie,ep_3k111315,278.0,"Van den Brakel et al. (2023), tussenrapport minimum budgets, bijlage B.4.1 (tabellen B.4.1-B.4.4), EUR/month, prijspeil 1 Jan 2023; empty = '*' (no minimum specified)",
energie,pk_1k8,256.0,"Van den Brakel et al. (2023), tussenrapport minimum budgets, bijlage B.4.1 (tabellen B.4.1-B.4.4), EUR/month, prijspeil 1 Jan 2023; empty = '*' (no minimum specified)",
energie,pk_2k813,278.0,"Van den Brakel et al. (2023), tussenrapport minimum budgets, bijlage B.4.1 (tabellen B.4.1-B.4.4), EUR/month, prijspeil 1 Jan 2023; empty = '*' (no minimum specified)",
energie,pk_3k111315,291.0,"Van den Brakel et al. (2023), tussenrapport minimum budgets, bijlage B.4.1 (tabellen B.4.1-B.4.4), EUR/month, prijspeil 1 Jan 2023; empty = '*' (no minimum specified)",
energie,pk_adultchild,256.0,"Van den Brakel et al. (2023), tussenrapport minimum budgets, bijlage B.4.1 (tabellen B.4.1-B.4.4), EUR/month, prijspeil 1 Jan 2023; empty = '*' (no minimum specified)",
energie,wlz_aow,0.0,"Van den Brakel et al. (2023), tussenrapport minimum budgets, bijlage B.4.1 (tabellen B.4.1-B.4.4), EUR/month, prijspeil 1 Jan 2023; empty = '*' (no minimum specified)",
water,single,14.0,"Van den Brakel et al. (2023), tussenrapport minimum budgets, bijlage B.4.1 (tabellen B.4.1-B.4.4), EUR/month, prijspeil 1 Jan 2023; empty = '*' (no minimum specified)",
water,couple,16.0,"Van den Brakel et al. (2023), tussenrapport minimum budgets, bijlage B.4.1 (tabellen B.4.1-B.4.4), EUR/month, prijspeil 1 Jan 2023; empty = '*' (no minimum specified)",
water,single_aow,14.0,"Van den Brakel et al. (2023), tussenrapport minimum budgets, bijlage B.4.1 (tabellen B.4.1-B.4.4), EUR/month, prijspeil 1 Jan 2023; empty = '*' (no minimum specified)",
water,couple_aow,16.0,"Van den Brakel et al. (2023), tussenrapport minimum budgets, bijlage B.4.1 (tabellen B.4.1-B.4.4), EUR/month, prijspeil 1 Jan 2023; empty = '*' (no minimum specified)",
water,ep_1k8,16.0,"Van den Brakel et al. (2023), tussenrapport minimum budgets, bijlage B.4.1 (tabellen B.4.1-B.4.4), EUR/month, prijspeil 1 Jan 2023; empty = '*' (no minimum specified)",
water,ep_2k813,20.0,"Van den Brakel et al. (2023), tussenrapport minimum budgets, bijlage B.4.1 (tabellen B.4.1-B.4.4), EUR/month, prijspeil 1 Jan 2023; empty = '*' (no minimum specified)",
water,ep_3k111315,24.0,"Van den Brakel et al. (2023), tussenrapport minimum budgets, bijlage B.4.1 (tabellen B.4.1-B.4.4), EUR/month, prijspeil 1 Jan 2023; empty = '*' (no minimum specified)",
water,pk_1k8,20.0,"Van den Brakel et al. (2023), tussenrapport minimum budgets, bijlage B.4.1 (tabellen B.4.1-B.4.4), EUR/month, prijspeil 1 Jan 2023; empty = '*' (no minimum specified)",
water,pk_2k813,24.0,"Van den Brakel et al. (2023), tussenrapport minimum budgets, bijlage B.4.1 (tabellen B.4.1-B.4.4), EUR/month, prijspeil 1 Jan 2023; empty = '*' (no minimum specified)",
water,pk_3k111315,27.0,"Van den Brakel et al. (2023), tussenrapport minimum budgets, bijlage B.4.1 (tabellen B.4.1-B.4.4), EUR/month, prijspeil 1 Jan 2023; empty = '*' (no minimum specified)",
water,pk_adultchild,20.0,"Van den Brakel et al. (2023), tussenrapport minimum budgets, bijlage B.4.1 (tabellen B.4.1-B.4.4), EUR/month, prijspeil 1 Jan 2023; empty = '*' (no minimum specified)",
water,wlz_aow,0.0,"Van den Brakel et al. (2023), tussenrapport minimum budgets, bijlage B.4.1 (tabellen B.4.1-B.4.4), EUR/month, prijspeil 1 Jan 2023; empty = '*' (no minimum specified)",
lokale_lasten,single,50.0,"Van den Brakel et al. (2023), tussenrapport minimum budgets, bijlage B.4.1 (tabellen B.4.1-B.4.4), EUR/month, prijspeil 1 Jan 2023; empty = '*' (no minimum specified)",
lokale_lasten,couple,67.0,"Van den Brakel et al. (2023), tussenrapport minimum budgets, bijlage B.4.1 (tabellen B.4.1-B.4.4), EUR/month, prijspeil 1 Jan 2023; empty = '*' (no minimum specified)",
lokale_lasten,single_aow,50.0,"Van den Brakel et al. (2023), tussenrapport minimum budgets, bijlage B.4.1 (tabellen B.4.1-B.4.4), EUR/month, prijspeil 1 Jan 2023; empty = '*' (no minimum specified)",
lokale_lasten,couple_aow,67.0,"Van den Brakel et al. (2023), tussenrapport minimum budgets, bijlage B.4.1 (tabellen B.4.1-B.4.4), EUR/month, prijspeil 1 Jan 2023; empty = '*' (no minimum specified)",
lokale_lasten,ep_1k8,67.0,"Van den Brakel et al. (2023), tussenrapport minimum budgets, bijlage B.4.1 (tabellen B.4.1-B.4.4), EUR/month, prijspeil 1 Jan 2023; empty = '*' (no minimum specified)",
lokale_lasten,ep_2k813,67.0,"Van den Brakel et al. (2023), tussenrapport minimum budgets, bijlage B.4.1 (tabellen B.4.1-B.4.4), EUR/month, prijspeil 1 Jan 2023; empty = '*' (no minimum specified)",
lokale_lasten,ep_3k111315,67.0,"Van den Brakel et al. (2023), tussenrapport minimum budgets, bijlage B.4.1 (tabellen B.4.1-B.4.4), EUR/month, prijspeil 1 Jan 2023; empty = '*' (no minimum specified)",
lokale_lasten,pk_1k8,67.0,"Van den Brakel et al. (2023), tussenrapport minimum budgets, bijlage B.4.1 (tabellen B.4.1-B.4.4), EUR/month, prijspeil 1 Jan 2023; empty = '*' (no minimum specified)",
lokale_lasten,pk_2k813,67.0,"Van den Brakel et al. (2023), tussenrapport minimum budgets, bijlage B.4.1 (tabellen B.4.1-B.4.4), EUR/month, prijspeil 1 Jan 2023; empty = '*' (no minimum specified)",
lokale_lasten,pk_3k111315,67.0,"Van den Brakel et al. (2023), tussenrapport minimum budgets, bijlage B.4.1 (tabellen B.4.1-B.4.4), EUR/month, prijspeil 1 Jan 2023; empty = '*' (no minimum specified)",
lokale_lasten,pk_adultchild,67.0,"Van den Brakel et al. (2023), tussenrapport minimum budgets, bijlage B.4.1 (tabellen B.4.1-B.4.4), EUR/month, prijspeil 1 Jan 2023; empty = '*' (no minimum specified)",
lokale_lasten,wlz_aow,0.0,"Van den Brakel et al. (2023), tussenrapport minimum budgets, bijlage B.4.1 (tabellen B.4.1-B.4.4), EUR/month, prijspeil 1 Jan 2023; empty = '*' (no minimum specified)",
telecom,single,65.0,"Van den Brakel et al. (2023), tussenrapport minimum budgets, bijlage B.4.1 (tabellen B.4.1-B.4.4), EUR/month, prijspeil 1 Jan 2023; empty = '*' (no minimum specified)",
telecom,couple,75.0,"Van den Brakel et al. (2023), tussenrapport minimum budgets, bijlage B.4.1 (tabellen B.4.1-B.4.4), EUR/month, prijspeil 1 Jan 2023; empty = '*' (no minimum specified)",
telecom,single_aow,65.0,"Van den Brakel et al. (2023), tussenrapport minimum budgets, bijlage B.4.1 (tabellen B.4.1-B.4.4), EUR/month, prijspeil 1 Jan 2023; empty = '*' (no minimum specified)",
telecom,couple_aow,75.0,"Van den Brakel et al. (2023), tussenrapport minimum budgets, bijlage B.4.1 (tabellen B.4.1-B.4.4), EUR/month, prijspeil 1 Jan 2023; empty = '*' (no minimum specified)",
telecom,ep_1k8,65.0,"Van den Brakel et al. (2023), tussenrapport minimum budgets, bijlage B.4.1 (tabellen B.4.1-B.4.4), EUR/month, prijspeil 1 Jan 2023; empty = '*' (no minimum specified)",
telecom,ep_2k813,75.0,"Van den Brakel et al. (2023), tussenrapport minimum budgets, bijlage B.4.1 (tabellen B.4.1-B.4.4), EUR/month, prijspeil 1 Jan 2023; empty = '*' (no minimum specified)",
telecom,ep_3k111315,85.0,"Van den Brakel et al. (2023), tussenrapport minimum budgets, bijlage B.4.1 (tabellen B.4.1-B.4.4), EUR/month, prijspeil 1 Jan 2023; empty = '*' (no minimum specified)",
telecom,pk_1k8,75.0,"Van den Brakel et al. (2023), tussenrapport minimum budgets, bijlage B.4.1 (tabellen B.4.1-B.4.4), EUR/month, prijspeil 1 Jan 2023; empty = '*' (no minimum specified)",
telecom,pk_2k813,85.0,"Van den Brakel et al. (2023), tussenrapport minimum budgets, bijlage B.4.1 (tabellen B.4.1-B.4.4), EUR/month, prijspeil 1 Jan 2023; empty = '*' (no minimum specified)",
telecom,pk_3k111315,95.0,"Van den Brakel et al. (2023), tussenrapport minimum budgets, bijlage B.4.1 (tabellen B.4.1-B.4.4), EUR/month, prijspeil 1 Jan 2023; empty = '*' (no minimum specified)",
telecom,pk_adultchild,85.0,"Van den Brakel et al. (2023), tussenrapport minimum budgets, bijlage B.4.1 (tabellen B.4.1-B.4.4), EUR/month, prijspeil 1 Jan 2023; empty = '*' (no minimum specified)",
telecom,wlz_aow,65.0,"Van den Brakel et al. (2023), tussenrapport minimum budgets, bijlage B.4.1 (tabellen B.4.1-B.4.4), EUR/month, prijspeil 1 Jan 2023; empty = '*' (no minimum specified)",
zorgverzekering,single,177.0,"Van den Brakel et al. (2023), tussenrapport minimum budgets, bijlage B.4.1 (tabellen B.4.1-B.4.4), EUR/month, prijspeil 1 Jan 2023; empty = '*' (no minimum specified)",
zorgverzekering,couple,353.0,"Van den Brakel et al. (2023), tussenrapport minimum budgets, bijlage B.4.1 (tabellen B.4.1-B.4.4), EUR/month, prijspeil 1 Jan 2023; empty = '*' (no minimum specified)",
zorgverzekering,single_aow,177.0,"Van den Brakel et al. (2023), tussenrapport minimum budgets, bijlage B.4.1 (tabellen B.4.1-B.4.4), EUR/month, prijspeil 1 Jan 2023; empty = '*' (no minimum specified)",
zorgverzekering,couple_aow,353.0,"Van den Brakel et al. (2023), tussenrapport minimum budgets, bijlage B.4.1 (tabellen B.4.1-B.4.4), EUR/month, prijspeil 1 Jan 2023; empty = '*' (no minimum specified)",
zorgverzekering,ep_1k8,177.0,"Van den Brakel et al. (2023), tussenrapport minimum budgets, bijlage B.4.1 (tabellen B.4.1-B.4.4), EUR/month, prijspeil 1 Jan 2023; empty = '*' (no minimum specified)",
zorgverzekering,ep_2k813,177.0,"Van den Brakel et al. (2023), tussenrapport minimum budgets, bijlage B.4.1 (tabellen B.4.1-B.4.4), EUR/month, prijspeil 1 Jan 2023; empty = '*' (no minimum specified)",
zorgverzekering,ep_3k111315,177.0,"Van den Brakel et al. (2023), tussenrapport minimum budgets, bijlage B.4.1 (tabellen B.4.1-B.4.4), EUR/month, prijspeil 1 Jan 2023; empty = '*' (no minimum specified)",
zorgverzekering,pk_1k8,353.0,"Van den Brakel et al. (2023), tussenrapport minimum budgets, bijlage B.4.1 (tabellen B.4.1-B.4.4), EUR/month, prijspeil 1 Jan 2023; empty = '*' (no minimum specified)",
zorgverzekering,pk_2k813,353.0,"Van den Brakel et al. (2023), tussenrapport minimum budgets, bijlage B.4.1 (tabellen B.4.1-B.4.4), EUR/month, prijspeil 1 Jan 2023; empty = '*' (no minimum specified)",
zorgverzekering,pk_3k111315,353.0,"Van den Brakel et al. (2023), tussenrapport minimum budgets, bijlage B.4.1 (tabellen B.4.1-B.4.4), EUR/month, prijspeil 1 Jan 2023; empty = '*' (no minimum specified)",
zorgverzekering,pk_adultchild,531.0,"Van den Brakel et al. (2023), tussenrapport minimum budgets, bijlage B.4.1 (tabellen B.4.1-B.4.4), EUR/month, prijspeil 1 Jan 2023; empty = '*' (no minimum specified)",
zorgverzekering,wlz_aow,177.0,"Van den Brakel et al. (2023), tussenrapport minimum budgets, bijlage B.4.1 (tabellen B.4.1-B.4.4), EUR/month, prijspeil 1 Jan 2023; empty = '*' (no minimum specified)",
overige_verz,single,23.0,"Van den Brakel et al. (2023), tussenrapport minimum budgets, bijlage B.4.1 (tabellen B.4.1-B.4.4), EUR/month, prijspeil 1 Jan 2023; empty = '*' (no minimum specified)",
overige_verz,couple,37.0,"Van den Brakel et al. (2023), tussenrapport minimum budgets, bijlage B.4.1 (tabellen B.4.1-B.4.4), EUR/month, prijspeil 1 Jan 2023; empty = '*' (no minimum specified)",
overige_verz,single_aow,14.0,"Van den Brakel et al. (2023), tussenrapport minimum budgets, bijlage B.4.1 (tabellen B.4.1-B.4.4), EUR/month, prijspeil 1 Jan 2023; empty = '*' (no minimum specified)",
overige_verz,couple_aow,17.0,"Van den Brakel et al. (2023), tussenrapport minimum budgets, bijlage B.4.1 (tabellen B.4.1-B.4.4), EUR/month, prijspeil 1 Jan 2023; empty = '*' (no minimum specified)",
overige_verz,ep_1k8,29.0,"Van den Brakel et al. (2023), tussenrapport minimum budgets, bijlage B.4.1 (tabellen B.4.1-B.4.4), EUR/month, prijspeil 1 Jan 2023; empty = '*' (no minimum specified)",
overige_verz,ep_2k813,29.0,"Van den Brakel et al. (2023), tussenrapport minimum budgets, bijlage B.4.1 (tabellen B.4.1-B.4.4), EUR/month, prijspeil 1 Jan 2023; empty = '*' (no minimum specified)",
overige_verz,ep_3k111315,29.0,"Van den Brakel et al. (2023), tussenrapport minimum budgets, bijlage B.4.1 (tabellen B.4.1-B.4.4), EUR/month, prijspeil 1 Jan 2023; empty = '*' (no minimum specified)",
overige_verz,pk_1k8,41.0,"Van den Brakel et al. (2023), tussenrapport minimum budgets, bijlage B.4.1 (tabellen B.4.1-B.4.4), EUR/month, prijspeil 1 Jan 2023; empty = '*' (no minimum specified)",
overige_verz,pk_2k813,41.0,"Van den Brakel et al. (2023), tussenrapport minimum budgets, bijlage B.4.1 (tabellen B.4.1-B.4.4), EUR/month, prijspeil 1 Jan 2023; empty = '*' (no minimum specified)",
overige_verz,pk_3k111315,41.0,"Van den Brakel et al. (2023), tussenrapport minimum budgets, bijlage B.4.1 (tabellen B.4.1-B.4.4), EUR/month, prijspeil 1 Jan 2023; empty = '*' (no minimum specified)",
overige_verz,pk_adultchild,50.0,"Van den Brakel et al. (2023), tussenrapport minimum budgets, bijlage B.4.1 (tabellen B.4.1-B.4.4), EUR/month, prijspeil 1 Jan 2023; empty = '*' (no minimum specified)",
overige_verz,wlz_aow,14.0,"Van den Brakel et al. (2023), tussenrapport minimum budgets, bijlage B.4.1 (tabellen B.4.1-B.4.4), EUR/month, prijspeil 1 Jan 2023; empty = '*' (no minimum specified)",
onderwijs,single,,"Van den Brakel et al. (2023), tussenrapport minimum budgets, bijlage B.4.1 (tabellen B.4.1-B.4.4), EUR/month, prijspeil 1 Jan 2023; empty = '*' (no minimum specified)",
onderwijs,couple,,"Van den Brakel et al. (2023), tussenrapport minimum budgets, bijlage B.4.1 (tabellen B.4.1-B.4.4), EUR/month, prijspeil 1 Jan 2023; empty = '*' (no minimum specified)",
onderwijs,single_aow,,"Van den Brakel et al. (2023), tussenrapport minimum budgets, bijlage B.4.1 (tabellen B.4.1-B.4.4), EUR/month, prijspeil 1 Jan 2023; empty = '*' (no minimum specified)",
onderwijs,couple_aow,,"Van den Brakel et al. (2023), tussenrapport minimum budgets, bijlage B.4.1 (tabellen B.4.1-B.4.4), EUR/month, prijspeil 1 Jan 2023; empty = '*' (no minimum specified)",
onderwijs,ep_1k8,10.0,"Van den Brakel et al. (2023), tussenrapport minimum budgets, bijlage B.4.1 (tabellen B.4.1-B.4.4), EUR/month, prijspeil 1 Jan 2023; empty = '*' (no minimum specified)",
onderwijs,ep_2k813,53.0,"Van den Brakel et al. (2023), tussenrapport minimum budgets, bijlage B.4.1 (tabellen B.4.1-B.4.4), EUR/month, prijspeil 1 Jan 2023; empty = '*' (no minimum specified)",
onderwijs,ep_3k111315,96.0,"Van den Brakel et al. (2023), tussenrapport minimum budgets, bijlage B.4.1 (tabellen B.4.1-B.4.4), EUR/month, prijspeil 1 Jan 2023; empty = '*' (no minimum specified)",
onderwijs,pk_1k8,10.0,"Van den Brakel et al. (2023), tussenrapport minimum budgets, bijlage B.4.1 (tabellen B.4.1-B.4.4), EUR/month, prijspeil 1 Jan 2023; empty = '*' (no minimum specified)",
onderwijs,pk_2k813,53.0,"Van den Brakel et al. (2023), tussenrapport minimum budgets, bijlage B.4.1 (tabellen B.4.1-B.4.4), EUR/month, prijspeil 1 Jan 2023; empty = '*' (no minimum specified)",
onderwijs,pk_3k111315,96.0,"Van den Brakel et al. (2023), tussenrapport minimum budgets, bijlage B.4.1 (tabellen B.4.1-B.4.4), EUR/month, prijspeil 1 Jan 2023; empty = '*' (no minimum specified)",
onderwijs,pk_adultchild,,"Van den Brakel et al. (2023), tussenrapport minimum budgets, bijlage B.4.1 (tabellen B.4.1-B.4.4), EUR/month, prijspeil 1 Jan 2023; empty = '*' (no minimum specified)",
onderwijs,wlz_aow,,"Van den Brakel et al. (2023), tussenrapport minimum budgets, bijlage B.4.1 (tabellen B.4.1-B.4.4), EUR/month, prijspeil 1 Jan 2023; empty = '*' (no minimum specified)",
contributies_vl,single,2.0,"Van den Brakel et al. (2023), tussenrapport minimum budgets, bijlage B.4.1 (tabellen B.4.1-B.4.4), EUR/month, prijspeil 1 Jan 2023; empty = '*' (no minimum specified)",
contributies_vl,couple,8.0,"Van den Brakel et al. (2023), tussenrapport minimum budgets, bijlage B.4.1 (tabellen B.4.1-B.4.4), EUR/month, prijspeil 1 Jan 2023; empty = '*' (no minimum specified)",
contributies_vl,single_aow,2.0,"Van den Brakel et al. (2023), tussenrapport minimum budgets, bijlage B.4.1 (tabellen B.4.1-B.4.4), EUR/month, prijspeil 1 Jan 2023; empty = '*' (no minimum specified)",
contributies_vl,couple_aow,8.0,"Van den Brakel et al. (2023), tussenrapport minimum budgets, bijlage B.4.1 (tabellen B.4.1-B.4.4), EUR/month, prijspeil 1 Jan 2023; empty = '*' (no minimum specified)",
contributies_vl,ep_1k8,2.0,"Van den Brakel et al. (2023), tussenrapport minimum budgets, bijlage B.4.1 (tabellen B.4.1-B.4.4), EUR/month, prijspeil 1 Jan 2023; empty = '*' (no minimum specified)",
contributies_vl,ep_2k813,2.0,"Van den Brakel et al. (2023), tussenrapport minimum budgets, bijlage B.4.1 (tabellen B.4.1-B.4.4), EUR/month, prijspeil 1 Jan 2023; empty = '*' (no minimum specified)",
contributies_vl,ep_3k111315,2.0,"Van den Brakel et al. (2023), tussenrapport minimum budgets, bijlage B.4.1 (tabellen B.4.1-B.4.4), EUR/month, prijspeil 1 Jan 2023; empty = '*' (no minimum specified)",
contributies_vl,pk_1k8,8.0,"Van den Brakel et al. (2023), tussenrapport minimum budgets, bijlage B.4.1 (tabellen B.4.1-B.4.4), EUR/month, prijspeil 1 Jan 2023; empty = '*' (no minimum specified)",
contributies_vl,pk_2k813,8.0,"Van den Brakel et al. (2023), tussenrapport minimum budgets, bijlage B.4.1 (tabellen B.4.1-B.4.4), EUR/month, prijspeil 1 Jan 2023; empty = '*' (no minimum specified)",
contributies_vl,pk_3k111315,8.0,"Van den Brakel et al. (2023), tussenrapport minimum budgets, bijlage B.4.1 (tabellen B.4.1-B.4.4), EUR/month, prijspeil 1 Jan 2023; empty = '*' (no minimum specified)",
contributies_vl,pk_adultchild,11.0,"Van den Brakel et al. (2023), tussenrapport minimum budgets, bijlage B.4.1 (tabellen B.4.1-B.4.4), EUR/month, prijspeil 1 Jan 2023; empty = '*' (no minimum specified)",
contributies_vl,wlz_aow,2.0,"Van den Brakel et al. (2023), tussenrapport minimum budgets, bijlage B.4.1 (tabellen B.4.1-B.4.4), EUR/month, prijspeil 1 Jan 2023; empty = '*' (no minimum specified)",
vervoer_vl,single,18.0,"Van den Brakel et al. (2023), tussenrapport minimum budgets, bijlage B.4.1 (tabellen B.4.1-B.4.4), EUR/month, prijspeil 1 Jan 2023; empty = '*' (no minimum specified)",
vervoer_vl,couple,37.0,"Van den Brakel et al. (2023), tussenrapport minimum budgets, bijlage B.4.1 (tabellen B.4.1-B.4.4), EUR/month, prijspeil 1 Jan 2023; empty = '*' (no minimum specified)",
vervoer_vl,single_aow,15.0,"Van den Brakel et al. (2023), tussenrapport minimum budgets, bijlage B.4.1 (tabellen B.4.1-B.4.4), EUR/month, prijspeil 1 Jan 2023; empty = '*' (no minimum specified)",
vervoer_vl,couple_aow,31.0,"Van den Brakel et al. (2023), tussenrapport minimum budgets, bijlage B.4.1 (tabellen B.4.1-B.4.4), EUR/month, prijspeil 1 Jan 2023; empty = '*' (no minimum specified)",
vervoer_vl,ep_1k8,31.0,"Van den Brakel et al. (2023), tussenrapport minimum budgets, bijlage B.4.1 (tabellen B.4.1-B.4.4), EUR/month, prijspeil 1 Jan 2023; empty = '*' (no minimum specified)",
vervoer_vl,ep_2k813,49.0,"Van den Brakel et al. (2023), tussenrapport minimum budgets, bijlage B.4.1 (tabellen B.4.1-B.4.4), EUR/month, prijspeil 1 Jan 2023; empty = '*' (no minimum specified)",
vervoer_vl,ep_3k111315,70.0,"Van den Brakel et al. (2023), tussenrapport minimum budgets, bijlage B.4.1 (tabellen B.4.1-B.4.4), EUR/month, prijspeil 1 Jan 2023; empty = '*' (no minimum specified)",
vervoer_vl,pk_1k8,49.0,"Van den Brakel et al. (2023), tussenrapport minimum budgets, bijlage B.4.1 (tabellen B.4.1-B.4.4), EUR/month, prijspeil 1 Jan 2023; empty = '*' (no minimum specified)",
vervoer_vl,pk_2k813,67.0,"Van den Brakel et al. (2023), tussenrapport minimum budgets, bijlage B.4.1 (tabellen B.4.1-B.4.4), EUR/month, prijspeil 1 Jan 2023; empty = '*' (no minimum specified)",
vervoer_vl,pk_3k111315,89.0,"Van den Brakel et al. (2023), tussenrapport minimum budgets, bijlage B.4.1 (tabellen B.4.1-B.4.4), EUR/month, prijspeil 1 Jan 2023; empty = '*' (no minimum specified)",
vervoer_vl,pk_adultchild,55.0,"Van den Brakel et al. (2023), tussenrapport minimum budgets, bijlage B.4.1 (tabellen B.4.1-B.4.4), EUR/month, prijspeil 1 Jan 2023; empty = '*' (no minimum specified)",
vervoer_vl,wlz_aow,8.0,"Van den Brakel et al. (2023), tussenrapport minimum budgets, bijlage B.4.1 (tabellen B.4.1-B.4.4), EUR/month, prijspeil 1 Jan 2023; empty = '*' (no minimum specified)",
kleding,single,59.0,"Van den Brakel et al. (2023), tussenrapport minimum budgets, bijlage B.4.1 (tabellen B.4.1-B.4.4), EUR/month, prijspeil 1 Jan 2023; empty = '*' (no minimum specified)",
kleding,couple,118.0,"Van den Brakel et al. (2023), tussenrapport minimum budgets, bijlage B.4.1 (tabellen B.4.1-B.4.4), EUR/month, prijspeil 1 Jan 2023; empty = '*' (no minimum specified)",
kleding,single_aow,59.0,"Van den Brakel et al. (2023), tussenrapport minimum budgets, bijlage B.4.1 (tabellen B.4.1-B.4.4), EUR/month, prijspeil 1 Jan 2023; empty = '*' (no minimum specified)",
kleding,couple_aow,118.0,"Van den Brakel et al. (2023), tussenrapport minimum budgets, bijlage B.4.1 (tabellen B.4.1-B.4.4), EUR/month, prijspeil 1 Jan 2023; empty = '*' (no minimum specified)",
kleding,ep_1k8,95.0,"Van den Brakel et al. (2023), tussenrapport minimum budgets, bijlage B.4.1 (tabellen B.4.1-B.4.4), EUR/month, prijspeil 1 Jan 2023; empty = '*' (no minimum specified)",
kleding,ep_2k813,152.0,"Van den Brakel et al. (2023), tussenrapport minimum budgets, bijlage B.4.1 (tabellen B.4.1-B.4.4), EUR/month, prijspeil 1 Jan 2023; empty = '*' (no minimum specified)",
kleding,ep_3k111315,195.0,"Van den Brakel et al. (2023), tussenrapport minimum budgets, bijlage B.4.1 (tabellen B.4.1-B.4.4), EUR/month, prijspeil 1 Jan 2023; empty = '*' (no minimum specified)",
kleding,pk_1k8,154.0,"Van den Brakel et al. (2023), tussenrapport minimum budgets, bijlage B.4.1 (tabellen B.4.1-B.4.4), EUR/month, prijspeil 1 Jan 2023; empty = '*' (no minimum specified)",
kleding,pk_2k813,211.0,"Van den Brakel et al. (2023), tussenrapport minimum budgets, bijlage B.4.1 (tabellen B.4.1-B.4.4), EUR/month, prijspeil 1 Jan 2023; empty = '*' (no minimum specified)",
kleding,pk_3k111315,254.0,"Van den Brakel et al. (2023), tussenrapport minimum budgets, bijlage B.4.1 (tabellen B.4.1-B.4.4), EUR/month, prijspeil 1 Jan 2023; empty = '*' (no minimum specified)",
kleding,pk_adultchild,177.0,"Van den Brakel et al. (2023), tussenrapport minimum budgets, bijlage B.4.1 (tabellen B.4.1-B.4.4), EUR/month, prijspeil 1 Jan 2023; empty = '*' (no minimum specified)",
kleding,wlz_aow,59.0,"Van den Brakel et al. (2023), tussenrapport minimum budgets, bijlage B.4.1 (tabellen B.4.1-B.4.4), EUR/month, prijspeil 1 Jan 2023; empty = '*' (no minimum specified)",
inboedel,single,74.0,"Van den Brakel et al. (2023), tussenrapport minimum budgets, bijlage B.4.1 (tabellen B.4.1-B.4.4), EUR/month, prijspeil 1 Jan 2023; empty = '*' (no minimum specified)",
inboedel,couple,87.0,"Van den Brakel et al. (2023), tussenrapport minimum budgets, bijlage B.4.1 (tabellen B.4.1-B.4.4), EUR/month, prijspeil 1 Jan 2023; empty = '*' (no minimum specified)",
inboedel,single_aow,74.0,"Van den Brakel et al. (2023), tussenrapport minimum budgets, bijlage B.4.1 (tabellen B.4.1-B.4.4), EUR/month, prijspeil 1 Jan 2023; empty = '*' (no minimum specified)",
inboedel,couple_aow,87.0,"Van den Brakel et al. (2023), tussenrapport minimum budgets, bijlage B.4.1 (tabellen B.4.1-B.4.4), EUR/month, prijspeil 1 Jan 2023; empty = '*' (no minimum specified)",
inboedel,ep_1k8,83.0,"Van den Brakel et al. (2023), tussenrapport minimum budgets, bijlage B.4.1 (tabellen B.4.1-B.4.4), EUR/month, prijspeil 1 Jan 2023; empty = '*' (no minimum specified)",
inboedel,ep_2k813,96.0,"Van den Brakel et al. (2023), tussenrapport minimum budgets, bijlage B.4.1 (tabellen B.4.1-B.4.4), EUR/month, prijspeil 1 Jan 2023; empty = '*' (no minimum specified)",
inboedel,ep_3k111315,112.0,"Van den Brakel et al. (2023), tussenrapport minimum budgets, bijlage B.4.1 (tabellen B.4.1-B.4.4), EUR/month, prijspeil 1 Jan 2023; empty = '*' (no minimum specified)",
inboedel,pk_1k8,96.0,"Van den Brakel et al. (2023), tussenrapport minimum budgets, bijlage B.4.1 (tabellen B.4.1-B.4.4), EUR/month, prijspeil 1 Jan 2023; empty = '*' (no minimum specified)",
inboedel,pk_2k813,111.0,"Van den Brakel et al. (2023), tussenrapport minimum budgets, bijlage B.4.1 (tabellen B.4.1-B.4.4), EUR/month, prijspeil 1 Jan 2023; empty = '*' (no minimum specified)",
inboedel,pk_3k111315,124.0,"Van den Brakel et al. (2023), tussenrapport minimum budgets, bijlage B.4.1 (tabellen B.4.1-B.4.4), EUR/month, prijspeil 1 Jan 2023; empty = '*' (no minimum specified)",
inboedel,pk_adultchild,100.0,"Van den Brakel et al. (2023), tussenrapport minimum budgets, bijlage B.4.1 (tabellen B.4.1-B.4.4), EUR/month, prijspeil 1 Jan 2023; empty = '*' (no minimum specified)",
inboedel,wlz_aow,37.0,"Van den Brakel et al. (2023), tussenrapport minimum budgets, bijlage B.4.1 (tabellen B.4.1-B.4.4), EUR/month, prijspeil 1 Jan 2023; empty = '*' (no minimum specified)",
onderhoud,single,27.0,"Van den Brakel et al. (2023), tussenrapport minimum budgets, bijlage B.4.1 (tabellen B.4.1-B.4.4), EUR/month, prijspeil 1 Jan 2023; empty = '*' (no minimum specified)",
onderhoud,couple,27.0,"Van den Brakel et al. (2023), tussenrapport minimum budgets, bijlage B.4.1 (tabellen B.4.1-B.4.4), EUR/month, prijspeil 1 Jan 2023; empty = '*' (no minimum specified)",
onderhoud,single_aow,27.0,"Van den Brakel et al. (2023), tussenrapport minimum budgets, bijlage B.4.1 (tabellen B.4.1-B.4.4), EUR/month, prijspeil 1 Jan 2023; empty = '*' (no minimum specified)",
onderhoud,couple_aow,27.0,"Van den Brakel et al. (2023), tussenrapport minimum budgets, bijlage B.4.1 (tabellen B.4.1-B.4.4), EUR/month, prijspeil 1 Jan 2023; empty = '*' (no minimum specified)",
onderhoud,ep_1k8,27.0,"Van den Brakel et al. (2023), tussenrapport minimum budgets, bijlage B.4.1 (tabellen B.4.1-B.4.4), EUR/month, prijspeil 1 Jan 2023; empty = '*' (no minimum specified)",
onderhoud,ep_2k813,27.0,"Van den Brakel et al. (2023), tussenrapport minimum budgets, bijlage B.4.1 (tabellen B.4.1-B.4.4), EUR/month, prijspeil 1 Jan 2023; empty = '*' (no minimum specified)",
onderhoud,ep_3k111315,27.0,"Van den Brakel et al. (2023), tussenrapport minimum budgets, bijlage B.4.1 (tabellen B.4.1-B.4.4), EUR/month, prijspeil 1 Jan 2023; empty = '*' (no minimum specified)",
onderhoud,pk_1k8,27.0,"Van den Brakel et al. (2023), tussenrapport minimum budgets, bijlage B.4.1 (tabellen B.4.1-B.4.4), EUR/month, prijspeil 1 Jan 2023; empty = '*' (no minimum specified)",
onderhoud,pk_2k813,27.0,"Van den Brakel et al. (2023), tussenrapport minimum budgets, bijlage B.4.1 (tabellen B.4.1-B.4.4), EUR/month, prijspeil 1 Jan 2023; empty = '*' (no minimum specified)",
onderhoud,pk_3k111315,27.0,"Van den Brakel et al. (2023), tussenrapport minimum budgets, bijlage B.4.1 (tabellen B.4.1-B.4.4), EUR/month, prijspeil 1 Jan 2023; empty = '*' (no minimum specified)",
onderhoud,pk_adultchild,27.0,"Van den Brakel et al. (2023), tussenrapport minimum budgets, bijlage B.4.1 (tabellen B.4.1-B.4.4), EUR/month, prijspeil 1 Jan 2023; empty = '*' (no minimum specified)",
onderhoud,wlz_aow,0.0,"Van den Brakel et al. (2023), tussenrapport minimum budgets, bijlage B.4.1 (tabellen B.4.1-B.4.4), EUR/month, prijspeil 1 Jan 2023; empty = '*' (no minimum specified)",
zelfzorg,single,8.0,"Van den Brakel et al. (2023), tussenrapport minimum budgets, bijlage B.4.1 (tabellen B.4.1-B.4.4), EUR/month, prijspeil 1 Jan 2023; empty = '*' (no minimum specified)",
zelfzorg,couple,14.0,"Van den Brakel et al. (2023), tussenrapport minimum budgets, bijlage B.4.1 (tabellen B.4.1-B.4.4), EUR/month, prijspeil 1 Jan 2023; empty = '*' (no minimum specified)",
zelfzorg,single_aow,10.0,"Van den Brakel et al. (2023), tussenrapport minimum budgets, bijlage B.4.1 (tabellen B.4.1-B.4.4), EUR/month, prijspeil 1 Jan 2023; empty = '*' (no minimum specified)",
zelfzorg,couple_aow,16.0,"Van den Brakel et al. (2023), tussenrapport minimum budgets, bijlage B.4.1 (tabellen B.4.1-B.4.4), EUR/month, prijspeil 1 Jan 2023; empty = '*' (no minimum specified)",
zelfzorg,ep_1k8,8.0,"Van den Brakel et al. (2023), tussenrapport minimum budgets, bijlage B.4.1 (tabellen B.4.1-B.4.4), EUR/month, prijspeil 1 Jan 2023; empty = '*' (no minimum specified)",
zelfzorg,ep_2k813,8.0,"Van den Brakel et al. (2023), tussenrapport minimum budgets, bijlage B.4.1 (tabellen B.4.1-B.4.4), EUR/month, prijspeil 1 Jan 2023; empty = '*' (no minimum specified)",
zelfzorg,ep_3k111315,8.0,"Van den Brakel et al. (2023), tussenrapport minimum budgets, bijlage B.4.1 (tabellen B.4.1-B.4.4), EUR/month, prijspeil 1 Jan 2023; empty = '*' (no minimum specified)",
zelfzorg,pk_1k8,14.0,"Van den Brakel et al. (2023), tussenrapport minimum budgets, bijlage B.4.1 (tabellen B.4.1-B.4.4), EUR/month, prijspeil 1 Jan 2023; empty = '*' (no minimum specified)",
zelfzorg,pk_2k813,14.0,"Van den Brakel et al. (2023), tussenrapport minimum budgets, bijlage B.4.1 (tabellen B.4.1-B.4.4), EUR/month, prijspeil 1 Jan 2023; empty = '*' (no minimum specified)",
zelfzorg,pk_3k111315,14.0,"Van den Brakel et al. (2023), tussenrapport minimum budgets, bijlage B.4.1 (tabellen B.4.1-B.4.4), EUR/month, prijspeil 1 Jan 2023; empty = '*' (no minimum specified)",
zelfzorg,pk_adultchild,20.0,"Van den Brakel et al. (2023), tussenrapport minimum budgets, bijlage B.4.1 (tabellen B.4.1-B.4.4), EUR/month, prijspeil 1 Jan 2023; empty = '*' (no minimum specified)",
zelfzorg,wlz_aow,0.0,"Van den Brakel et al. (2023), tussenrapport minimum budgets, bijlage B.4.1 (tabellen B.4.1-B.4.4), EUR/month, prijspeil 1 Jan 2023; empty = '*' (no minimum specified)",
eigen_risico,single,32.0,"Van den Brakel et al. (2023), tussenrapport minimum budgets, bijlage B.4.1 (tabellen B.4.1-B.4.4), EUR/month, prijspeil 1 Jan 2023; empty = '*' (no minimum specified)",
eigen_risico,couple,64.0,"Van den Brakel et al. (2023), tussenrapport minimum budgets, bijlage B.4.1 (tabellen B.4.1-B.4.4), EUR/month, prijspeil 1 Jan 2023; empty = '*' (no minimum specified)",
eigen_risico,single_aow,32.0,"Van den Brakel et al. (2023), tussenrapport minimum budgets, bijlage B.4.1 (tabellen B.4.1-B.4.4), EUR/month, prijspeil 1 Jan 2023; empty = '*' (no minimum specified)",
eigen_risico,couple_aow,64.0,"Van den Brakel et al. (2023), tussenrapport minimum budgets, bijlage B.4.1 (tabellen B.4.1-B.4.4), EUR/month, prijspeil 1 Jan 2023; empty = '*' (no minimum specified)",
eigen_risico,ep_1k8,32.0,"Van den Brakel et al. (2023), tussenrapport minimum budgets, bijlage B.4.1 (tabellen B.4.1-B.4.4), EUR/month, prijspeil 1 Jan 2023; empty = '*' (no minimum specified)",
eigen_risico,ep_2k813,32.0,"Van den Brakel et al. (2023), tussenrapport minimum budgets, bijlage B.4.1 (tabellen B.4.1-B.4.4), EUR/month, prijspeil 1 Jan 2023; empty = '*' (no minimum specified)",
eigen_risico,ep_3k111315,32.0,"Van den Brakel et al. (2023), tussenrapport minimum budgets, bijlage B.4.1 (tabellen B.4.1-B.4.4), EUR/month, prijspeil 1 Jan 2023; empty = '*' (no minimum specified)",
eigen_risico,pk_1k8,64.0,"Van den Brakel et al. (2023), tussenrapport minimum budgets, bijlage B.4.1 (tabellen B.4.1-B.4.4), EUR/month, prijspeil 1 Jan 2023; empty = '*' (no minimum specified)",
eigen_risico,pk_2k813,64.0,"Van den Brakel et al. (2023), tussenrapport minimum budgets, bijlage B.4.1 (tabellen B.4.1-B.4.4), EUR/month, prijspeil 1 Jan 2023; empty = '*' (no minimum specified)",
eigen_risico,pk_3k111315,64.0,"Van den Brakel et al. (2023), tussenrapport minimum budgets, bijlage B.4.1 (tabellen B.4.1-B.4.4), EUR/month, prijspeil 1 Jan 2023; empty = '*' (no minimum specified)",
eigen_risico,pk_adultchild,96.0,"Van den Brakel et al. (2023), tussenrapport minimum budgets, bijlage B.4.1 (tabellen B.4.1-B.4.4), EUR/month, prijspeil 1 Jan 2023; empty = '*' (no minimum specified)",
eigen_risico,wlz_aow,32.0,"Van den Brakel et al. (2023), tussenrapport minimum budgets, bijlage B.4.1 (tabellen B.4.1-B.4.4), EUR/month, prijspeil 1 Jan 2023; empty = '*' (no minimum specified)",
voeding,single,254.0,"Van den Brakel et al. (2023), tussenrapport minimum budgets, bijlage B.4.1 (tabellen B.4.1-B.4.4), EUR/month, prijspeil 1 Jan 2023; empty = '*' (no minimum specified)",
voeding,couple,462.0,"Van den Brakel et al. (2023), tussenrapport minimum budgets, bijlage B.4.1 (tabellen B.4.1-B.4.4), EUR/month, prijspeil 1 Jan 2023; empty = '*' (no minimum specified)",
voeding,single_aow,253.0,"Van den Brakel et al. (2023), tussenrapport minimum budgets, bijlage B.4.1 (tabellen B.4.1-B.4.4), EUR/month, prijspeil 1 Jan 2023; empty = '*' (no minimum specified)",
voeding,couple_aow,460.0,"Van den Brakel et al. (2023), tussenrapport minimum budgets, bijlage B.4.1 (tabellen B.4.1-B.4.4), EUR/month, prijspeil 1 Jan 2023; empty = '*' (no minimum specified)",
voeding,ep_1k8,356.0,"Van den Brakel et al. (2023), tussenrapport minimum budgets, bijlage B.4.1 (tabellen B.4.1-B.4.4), EUR/month, prijspeil 1 Jan 2023; empty = '*' (no minimum specified)",
voeding,ep_2k813,473.0,"Van den Brakel et al. (2023), tussenrapport minimum budgets, bijlage B.4.1 (tabellen B.4.1-B.4.4), EUR/month, prijspeil 1 Jan 2023; empty = '*' (no minimum specified)",
voeding,ep_3k111315,648.0,"Van den Brakel et al. (2023), tussenrapport minimum budgets, bijlage B.4.1 (tabellen B.4.1-B.4.4), EUR/month, prijspeil 1 Jan 2023; empty = '*' (no minimum specified)",
voeding,pk_1k8,499.0,"Van den Brakel et al. (2023), tussenrapport minimum budgets, bijlage B.4.1 (tabellen B.4.1-B.4.4), EUR/month, prijspeil 1 Jan 2023; empty = '*' (no minimum specified)",
voeding,pk_2k813,591.0,"Van den Brakel et al. (2023), tussenrapport minimum budgets, bijlage B.4.1 (tabellen B.4.1-B.4.4), EUR/month, prijspeil 1 Jan 2023; empty = '*' (no minimum specified)",
voeding,pk_3k111315,767.0,"Van den Brakel et al. (2023), tussenrapport minimum budgets, bijlage B.4.1 (tabellen B.4.1-B.4.4), EUR/month, prijspeil 1 Jan 2023; empty = '*' (no minimum specified)",
voeding,pk_adultchild,589.0,"Van den Brakel et al. (2023), tussenrapport minimum budgets, bijlage B.4.1 (tabellen B.4.1-B.4.4), EUR/month, prijspeil 1 Jan 2023; empty = '*' (no minimum specified)",
voeding,wlz_aow,0.0,"Van den Brakel et al. (2023), tussenrapport minimum budgets, bijlage B.4.1 (tabellen B.4.1-B.4.4), EUR/month, prijspeil 1 Jan 2023; empty = '*' (no minimum specified)",
waskosten_instelling,single,,"Van den Brakel et al. (2023), tussenrapport minimum budgets, bijlage B.4.1 (tabellen B.4.1-B.4.4), EUR/month, prijspeil 1 Jan 2023; empty = '*' (no minimum specified)",
waskosten_instelling,couple,,"Van den Brakel et al. (2023), tussenrapport minimum budgets, bijlage B.4.1 (tabellen B.4.1-B.4.4), EUR/month, prijspeil 1 Jan 2023; empty = '*' (no minimum specified)",
waskosten_instelling,single_aow,,"Van den Brakel et al. (2023), tussenrapport minimum budgets, bijlage B.4.1 (tabellen B.4.1-B.4.4), EUR/month, prijspeil 1 Jan 2023; empty = '*' (no minimum specified)",
waskosten_instelling,couple_aow,,"Van den Brakel et al. (2023), tussenrapport minimum budgets, bijlage B.4.1 (tabellen B.4.1-B.4.4), EUR/month, prijspeil 1 Jan 2023; empty = '*' (no minimum specified)",
waskosten_instelling,ep_1k8,,"Van den Brakel et al. (2023), tussenrapport minimum budgets, bijlage B.4.1 (tabellen B.4.1-B.4.4), EUR/month, prijspeil 1 Jan 2023; empty = '*' (no minimum specified)",
waskosten_instelling,ep_2k813,,"Van den Brakel et al. (2023), tussenrapport minimum budgets, bijlage B.4.1 (tabellen B.4.1-B.4.4), EUR/month, prijspeil 1 Jan 2023; empty = '*' (no minimum specified)",
waskosten_instelling,ep_3k111315,,"Van den Brakel et al. (2023), tussenrapport minimum budgets, bijlage B.4.1 (tabellen B.4.1-B.4.4), EUR/month, prijspeil 1 Jan 2023; empty = '*' (no minimum specified)",
waskosten_instelling,pk_1k8,,"Van den Brakel et al. (2023), tussenrapport minimum budgets, bijlage B.4.1 (tabellen B.4.1-B.4.4), EUR/month, prijspeil 1 Jan 2023; empty = '*' (no minimum specified)",
waskosten_instelling,pk_2k813,,"Van den Brakel et al. (2023), tussenrapport minimum budgets, bijlage B.4.1 (tabellen B.4.1-B.4.4), EUR/month, prijspeil 1 Jan 2023; empty = '*' (no minimum specified)",
waskosten_instelling,pk_3k111315,,"Van den Brakel et al. (2023), tussenrapport minimum budgets, bijlage B.4.1 (tabellen B.4.1-B.4.4), EUR/month, prijspeil 1 Jan 2023; empty = '*' (no minimum specified)",
waskosten_instelling,pk_adultchild,,"Van den Brakel et al. (2023), tussenrapport minimum budgets, bijlage B.4.1 (tabellen B.4.1-B.4.4), EUR/month, prijspeil 1 Jan 2023; empty = '*' (no minimum specified)",
waskosten_instelling,wlz_aow,80.0,"Van den Brakel et al. (2023), tussenrapport minimum budgets, bijlage B.4.1 (tabellen B.4.1-B.4.4), EUR/month, prijspeil 1 Jan 2023; empty = '*' (no minimum specified)",
was_schoonmaak,single,6.0,"Van den Brakel et al. (2023), tussenrapport minimum budgets, bijlage B.4.1 (tabellen B.4.1-B.4.4), EUR/month, prijspeil 1 Jan 2023; empty = '*' (no minimum specified)",
was_schoonmaak,couple,7.0,"Van den Brakel et al. (2023), tussenrapport minimum budgets, bijlage B.4.1 (tabellen B.4.1-B.4.4), EUR/month, prijspeil 1 Jan 2023; empty = '*' (no minimum specified)",
was_schoonmaak,single_aow,6.0,"Van den Brakel et al. (2023), tussenrapport minimum budgets, bijlage B.4.1 (tabellen B.4.1-B.4.4), EUR/month, prijspeil 1 Jan 2023; empty = '*' (no minimum specified)",
was_schoonmaak,couple_aow,7.0,"Van den Brakel et al. (2023), tussenrapport minimum budgets, bijlage B.4.1 (tabellen B.4.1-B.4.4), EUR/month, prijspeil 1 Jan 2023; empty = '*' (no minimum specified)",
was_schoonmaak,ep_1k8,7.0,"Van den Brakel et al. (2023), tussenrapport minimum budgets, bijlage B.4.1 (tabellen B.4.1-B.4.4), EUR/month, prijspeil 1 Jan 2023; empty = '*' (no minimum specified)",
was_schoonmaak,ep_2k813,7.0,"Van den Brakel et al. (2023), tussenrapport minimum budgets, bijlage B.4.1 (tabellen B.4.1-B.4.4), EUR/month, prijspeil 1 Jan 2023; empty = '*' (no minimum specified)",
was_schoonmaak,ep_3k111315,8.0,"Van den Brakel et al. (2023), tussenrapport minimum budgets, bijlage B.4.1 (tabellen B.4.1-B.4.4), EUR/month, prijspeil 1 Jan 2023; empty = '*' (no minimum specified)",
was_schoonmaak,pk_1k8,7.0,"Van den Brakel et al. (2023), tussenrapport minimum budgets, bijlage B.4.1 (tabellen B.4.1-B.4.4), EUR/month, prijspeil 1 Jan 2023; empty = '*' (no minimum specified)",
was_schoonmaak,pk_2k813,8.0,"Van den Brakel et al. (2023), tussenrapport minimum budgets, bijlage B.4.1 (tabellen B.4.1-B.4.4), EUR/month, prijspeil 1 Jan 2023; empty = '*' (no minimum specified)",
was_schoonmaak,pk_3k111315,8.0,"Van den Brakel et al. (2023), tussenrapport minimum budgets, bijlage B.4.1 (tabellen B.4.1-B.4.4), EUR/month, prijspeil 1 Jan 2023; empty = '*' (no minimum specified)",
was_schoonmaak,pk_adultchild,7.0,"Van den Brakel et al. (2023), tussenrapport minimum budgets, bijlage B.4.1 (tabellen B.4.1-B.4.4), EUR/month, prijspeil 1 Jan 2023; empty = '*' (no minimum specified)",
was_schoonmaak,wlz_aow,,"Van den Brakel et al. (2023), tussenrapport minimum budgets, bijlage B.4.1 (tabellen B.4.1-B.4.4), EUR/month, prijspeil 1 Jan 2023; empty = '*' (no minimum specified)",
persoonlijke_verzorging,single,22.0,"Van den Brakel et al. (2023), tussenrapport minimum budgets, bijlage B.4.1 (tabellen B.4.1-B.4.4), EUR/month, prijspeil 1 Jan 2023; empty = '*' (no minimum specified)",
persoonlijke_verzorging,couple,44.0,"Van den Brakel et al. (2023), tussenrapport minimum budgets, bijlage B.4.1 (tabellen B.4.1-B.4.4), EUR/month, prijspeil 1 Jan 2023; empty = '*' (no minimum specified)",
persoonlijke_verzorging,single_aow,21.0,"Van den Brakel et al. (2023), tussenrapport minimum budgets, bijlage B.4.1 (tabellen B.4.1-B.4.4), EUR/month, prijspeil 1 Jan 2023; empty = '*' (no minimum specified)",
persoonlijke_verzorging,couple_aow,42.0,"Van den Brakel et al. (2023), tussenrapport minimum budgets, bijlage B.4.1 (tabellen B.4.1-B.4.4), EUR/month, prijspeil 1 Jan 2023; empty = '*' (no minimum specified)",
persoonlijke_verzorging,ep_1k8,36.0,"Van den Brakel et al. (2023), tussenrapport minimum budgets, bijlage B.4.1 (tabellen B.4.1-B.4.4), EUR/month, prijspeil 1 Jan 2023; empty = '*' (no minimum specified)",
persoonlijke_verzorging,ep_2k813,58.0,"Van den Brakel et al. (2023), tussenrapport minimum budgets, bijlage B.4.1 (tabellen B.4.1-B.4.4), EUR/month, prijspeil 1 Jan 2023; empty = '*' (no minimum specified)",
persoonlijke_verzorging,ep_3k111315,80.0,"Van den Brakel et al. (2023), tussenrapport minimum budgets, bijlage B.4.1 (tabellen B.4.1-B.4.4), EUR/month, prijspeil 1 Jan 2023; empty = '*' (no minimum specified)",
persoonlijke_verzorging,pk_1k8,58.0,"Van den Brakel et al. (2023), tussenrapport minimum budgets, bijlage B.4.1 (tabellen B.4.1-B.4.4), EUR/month, prijspeil 1 Jan 2023; empty = '*' (no minimum specified)",
persoonlijke_verzorging,pk_2k813,80.0,"Van den Brakel et al. (2023), tussenrapport minimum budgets, bijlage B.4.1 (tabellen B.4.1-B.4.4), EUR/month, prijspeil 1 Jan 2023; empty = '*' (no minimum specified)",
persoonlijke_verzorging,pk_3k111315,102.0,"Van den Brakel et al. (2023), tussenrapport minimum budgets, bijlage B.4.1 (tabellen B.4.1-B.4.4), EUR/month, prijspeil 1 Jan 2023; empty = '*' (no minimum specified)",
persoonlijke_verzorging,pk_adultchild,66.0,"Van den Brakel et al. (2023), tussenrapport minimum budgets, bijlage B.4.1 (tabellen B.4.1-B.4.4), EUR/month, prijspeil 1 Jan 2023; empty = '*' (no minimum specified)",
persoonlijke_verzorging,wlz_aow,21.0,"Van den Brakel et al. (2023), tussenrapport minimum budgets, bijlage B.4.1 (tabellen B.4.1-B.4.4), EUR/month, prijspeil 1 Jan 2023; empty = '*' (no minimum specified)",
diversen,single,5.0,"Van den Brakel et al. (2023), tussenrapport minimum budgets, bijlage B.4.1 (tabellen B.4.1-B.4.4), EUR/month, prijspeil 1 Jan 2023; empty = '*' (no minimum specified)",
diversen,couple,8.0,"Van den Brakel et al. (2023), tussenrapport minimum budgets, bijlage B.4.1 (tabellen B.4.1-B.4.4), EUR/month, prijspeil 1 Jan 2023; empty = '*' (no minimum specified)",
diversen,single_aow,5.0,"Van den Brakel et al. (2023), tussenrapport minimum budgets, bijlage B.4.1 (tabellen B.4.1-B.4.4), EUR/month, prijspeil 1 Jan 2023; empty = '*' (no minimum specified)",
diversen,couple_aow,8.0,"Van den Brakel et al. (2023), tussenrapport minimum budgets, bijlage B.4.1 (tabellen B.4.1-B.4.4), EUR/month, prijspeil 1 Jan 2023; empty = '*' (no minimum specified)",
diversen,ep_1k8,8.0,"Van den Brakel et al. (2023), tussenrapport minimum budgets, bijlage B.4.1 (tabellen B.4.1-B.4.4), EUR/month, prijspeil 1 Jan 2023; empty = '*' (no minimum specified)",
diversen,ep_2k813,11.0,"Van den Brakel et al. (2023), tussenrapport minimum budgets, bijlage B.4.1 (tabellen B.4.1-B.4.4), EUR/month, prijspeil 1 Jan 2023; empty = '*' (no minimum specified)",
diversen,ep_3k111315,15.0,"Van den Brakel et al. (2023), tussenrapport minimum budgets, bijlage B.4.1 (tabellen B.4.1-B.4.4), EUR/month, prijspeil 1 Jan 2023; empty = '*' (no minimum specified)",
diversen,pk_1k8,11.0,"Van den Brakel et al. (2023), tussenrapport minimum budgets, bijlage B.4.1 (tabellen B.4.1-B.4.4), EUR/month, prijspeil 1 Jan 2023; empty = '*' (no minimum specified)",
diversen,pk_2k813,15.0,"Van den Brakel et al. (2023), tussenrapport minimum budgets, bijlage B.4.1 (tabellen B.4.1-B.4.4), EUR/month, prijspeil 1 Jan 2023; empty = '*' (no minimum specified)",
diversen,pk_3k111315,18.0,"Van den Brakel et al. (2023), tussenrapport minimum budgets, bijlage B.4.1 (tabellen B.4.1-B.4.4), EUR/month, prijspeil 1 Jan 2023; empty = '*' (no minimum specified)",
diversen,pk_adultchild,11.0,"Van den Brakel et al. (2023), tussenrapport minimum budgets, bijlage B.4.1 (tabellen B.4.1-B.4.4), EUR/month, prijspeil 1 Jan 2023; empty = '*' (no minimum specified)",
diversen,wlz_aow,5.0,"Van den Brakel et al. (2023), tussenrapport minimum budgets, bijlage B.4.1 (tabellen B.4.1-B.4.4), EUR/month, prijspeil 1 Jan 2023; empty = '*' (no minimum specified)",
bezoek,single,32.0,"Van den Brakel et al. (2023), tussenrapport minimum budgets, bijlage B.4.1 (tabellen B.4.1-B.4.4), EUR/month, prijspeil 1 Jan 2023; empty = '*' (no minimum specified)",
bezoek,couple,49.0,"Van den Brakel et al. (2023), tussenrapport minimum budgets, bijlage B.4.1 (tabellen B.4.1-B.4.4), EUR/month, prijspeil 1 Jan 2023; empty = '*' (no minimum specified)",
bezoek,single_aow,32.0,"Van den Brakel et al. (2023), tussenrapport minimum budgets, bijlage B.4.1 (tabellen B.4.1-B.4.4), EUR/month, prijspeil 1 Jan 2023; empty = '*' (no minimum specified)",
bezoek,couple_aow,49.0,"Van den Brakel et al. (2023), tussenrapport minimum budgets, bijlage B.4.1 (tabellen B.4.1-B.4.4), EUR/month, prijspeil 1 Jan 2023; empty = '*' (no minimum specified)",
bezoek,ep_1k8,49.0,"Van den Brakel et al. (2023), tussenrapport minimum budgets, bijlage B.4.1 (tabellen B.4.1-B.4.4), EUR/month, prijspeil 1 Jan 2023; empty = '*' (no minimum specified)",
bezoek,ep_2k813,67.0,"Van den Brakel et al. (2023), tussenrapport minimum budgets, bijlage B.4.1 (tabellen B.4.1-B.4.4), EUR/month, prijspeil 1 Jan 2023; empty = '*' (no minimum specified)",
bezoek,ep_3k111315,84.0,"Van den Brakel et al. (2023), tussenrapport minimum budgets, bijlage B.4.1 (tabellen B.4.1-B.4.4), EUR/month, prijspeil 1 Jan 2023; empty = '*' (no minimum specified)",
bezoek,pk_1k8,67.0,"Van den Brakel et al. (2023), tussenrapport minimum budgets, bijlage B.4.1 (tabellen B.4.1-B.4.4), EUR/month, prijspeil 1 Jan 2023; empty = '*' (no minimum specified)",
bezoek,pk_2k813,84.0,"Van den Brakel et al. (2023), tussenrapport minimum budgets, bijlage B.4.1 (tabellen B.4.1-B.4.4), EUR/month, prijspeil 1 Jan 2023; empty = '*' (no minimum specified)",
bezoek,pk_3k111315,102.0,"Van den Brakel et al. (2023), tussenrapport minimum budgets, bijlage B.4.1 (tabellen B.4.1-B.4.4), EUR/month, prijspeil 1 Jan 2023; empty = '*' (no minimum specified)",
bezoek,pk_adultchild,67.0,"Van den Brakel et al. (2023), tussenrapport minimum budgets, bijlage B.4.1 (tabellen B.4.1-B.4.4), EUR/month, prijspeil 1 Jan 2023; empty = '*' (no minimum specified)",
bezoek,wlz_aow,32.0,"Van den Brakel et al. (2023), tussenrapport minimum budgets, bijlage B.4.1 (tabellen B.4.1-B.4.4), EUR/month, prijspeil 1 Jan 2023; empty = '*' (no minimum specified)",
vervoer_sp,single,18.0,"Van den Brakel et al. (2023), tussenrapport minimum budgets, bijlage B.4.1 (tabellen B.4.1-B.4.4), EUR/month, prijspeil 1 Jan 2023; empty = '*' (no minimum specified)",
vervoer_sp,couple,36.0,"Van den Brakel et al. (2023), tussenrapport minimum budgets, bijlage B.4.1 (tabellen B.4.1-B.4.4), EUR/month, prijspeil 1 Jan 2023; empty = '*' (no minimum specified)",
vervoer_sp,single_aow,12.0,"Van den Brakel et al. (2023), tussenrapport minimum budgets, bijlage B.4.1 (tabellen B.4.1-B.4.4), EUR/month, prijspeil 1 Jan 2023; empty = '*' (no minimum specified)",
vervoer_sp,couple_aow,24.0,"Van den Brakel et al. (2023), tussenrapport minimum budgets, bijlage B.4.1 (tabellen B.4.1-B.4.4), EUR/month, prijspeil 1 Jan 2023; empty = '*' (no minimum specified)",
vervoer_sp,ep_1k8,30.0,"Van den Brakel et al. (2023), tussenrapport minimum budgets, bijlage B.4.1 (tabellen B.4.1-B.4.4), EUR/month, prijspeil 1 Jan 2023; empty = '*' (no minimum specified)",
vervoer_sp,ep_2k813,48.0,"Van den Brakel et al. (2023), tussenrapport minimum budgets, bijlage B.4.1 (tabellen B.4.1-B.4.4), EUR/month, prijspeil 1 Jan 2023; empty = '*' (no minimum specified)",
vervoer_sp,ep_3k111315,66.0,"Van den Brakel et al. (2023), tussenrapport minimum budgets, bijlage B.4.1 (tabellen B.4.1-B.4.4), EUR/month, prijspeil 1 Jan 2023; empty = '*' (no minimum specified)",
vervoer_sp,pk_1k8,48.0,"Van den Brakel et al. (2023), tussenrapport minimum budgets, bijlage B.4.1 (tabellen B.4.1-B.4.4), EUR/month, prijspeil 1 Jan 2023; empty = '*' (no minimum specified)",
vervoer_sp,pk_2k813,66.0,"Van den Brakel et al. (2023), tussenrapport minimum budgets, bijlage B.4.1 (tabellen B.4.1-B.4.4), EUR/month, prijspeil 1 Jan 2023; empty = '*' (no minimum specified)",
vervoer_sp,pk_3k111315,84.0,"Van den Brakel et al. (2023), tussenrapport minimum budgets, bijlage B.4.1 (tabellen B.4.1-B.4.4), EUR/month, prijspeil 1 Jan 2023; empty = '*' (no minimum specified)",
vervoer_sp,pk_adultchild,54.0,"Van den Brakel et al. (2023), tussenrapport minimum budgets, bijlage B.4.1 (tabellen B.4.1-B.4.4), EUR/month, prijspeil 1 Jan 2023; empty = '*' (no minimum specified)",
vervoer_sp,wlz_aow,12.0,"Van den Brakel et al. (2023), tussenrapport minimum budgets, bijlage B.4.1 (tabellen B.4.1-B.4.4), EUR/month, prijspeil 1 Jan 2023; empty = '*' (no minimum specified)",
contributies_sp,single,21.0,"Van den Brakel et al. (2023), tussenrapport minimum budgets, bijlage B.4.1 (tabellen B.4.1-B.4.4), EUR/month, prijspeil 1 Jan 2023; empty = '*' (no minimum specified)",
contributies_sp,couple,40.0,"Van den Brakel et al. (2023), tussenrapport minimum budgets, bijlage B.4.1 (tabellen B.4.1-B.4.4), EUR/month, prijspeil 1 Jan 2023; empty = '*' (no minimum specified)",
contributies_sp,single_aow,21.0,"Van den Brakel et al. (2023), tussenrapport minimum budgets, bijlage B.4.1 (tabellen B.4.1-B.4.4), EUR/month, prijspeil 1 Jan 2023; empty = '*' (no minimum specified)",
contributies_sp,couple_aow,40.0,"Van den Brakel et al. (2023), tussenrapport minimum budgets, bijlage B.4.1 (tabellen B.4.1-B.4.4), EUR/month, prijspeil 1 Jan 2023; empty = '*' (no minimum specified)",
contributies_sp,ep_1k8,34.0,"Van den Brakel et al. (2023), tussenrapport minimum budgets, bijlage B.4.1 (tabellen B.4.1-B.4.4), EUR/month, prijspeil 1 Jan 2023; empty = '*' (no minimum specified)",
contributies_sp,ep_2k813,53.0,"Van den Brakel et al. (2023), tussenrapport minimum budgets, bijlage B.4.1 (tabellen B.4.1-B.4.4), EUR/month, prijspeil 1 Jan 2023; empty = '*' (no minimum specified)",
contributies_sp,ep_3k111315,72.0,"Van den Brakel et al. (2023), tussenrapport minimum budgets, bijlage B.4.1 (tabellen B.4.1-B.4.4), EUR/month, prijspeil 1 Jan 2023; empty = '*' (no minimum specified)",
contributies_sp,pk_1k8,53.0,"Van den Brakel et al. (2023), tussenrapport minimum budgets, bijlage B.4.1 (tabellen B.4.1-B.4.4), EUR/month, prijspeil 1 Jan 2023; empty = '*' (no minimum specified)",
contributies_sp,pk_2k813,72.0,"Van den Brakel et al. (2023), tussenrapport minimum budgets, bijlage B.4.1 (tabellen B.4.1-B.4.4), EUR/month, prijspeil 1 Jan 2023; empty = '*' (no minimum specified)",
contributies_sp,pk_3k111315,91.0,"Van den Brakel et al. (2023), tussenrapport minimum budgets, bijlage B.4.1 (tabellen B.4.1-B.4.4), EUR/month, prijspeil 1 Jan 2023; empty = '*' (no minimum specified)",
contributies_sp,pk_adultchild,60.0,"Van den Brakel et al. (2023), tussenrapport minimum budgets, bijlage B.4.1 (tabellen B.4.1-B.4.4), EUR/month, prijspeil 1 Jan 2023; empty = '*' (no minimum specified)",
contributies_sp,wlz_aow,21.0,"Van den Brakel et al. (2023), tussenrapport minimum budgets, bijlage B.4.1 (tabellen B.4.1-B.4.4), EUR/month, prijspeil 1 Jan 2023; empty = '*' (no minimum specified)",
vrijetijd_sp,single,44.0,"Van den Brakel et al. (2023), tussenrapport minimum budgets, bijlage B.4.1 (tabellen B.4.1-B.4.4), EUR/month, prijspeil 1 Jan 2023; empty = '*' (no minimum specified)",
vrijetijd_sp,couple,63.0,"Van den Brakel et al. (2023), tussenrapport minimum budgets, bijlage B.4.1 (tabellen B.4.1-B.4.4), EUR/month, prijspeil 1 Jan 2023; empty = '*' (no minimum specified)",
vrijetijd_sp,single_aow,44.0,"Van den Brakel et al. (2023), tussenrapport minimum budgets, bijlage B.4.1 (tabellen B.4.1-B.4.4), EUR/month, prijspeil 1 Jan 2023; empty = '*' (no minimum specified)",
vrijetijd_sp,couple_aow,63.0,"Van den Brakel et al. (2023), tussenrapport minimum budgets, bijlage B.4.1 (tabellen B.4.1-B.4.4), EUR/month, prijspeil 1 Jan 2023; empty = '*' (no minimum specified)",
vrijetijd_sp,ep_1k8,63.0,"Van den Brakel et al. (2023), tussenrapport minimum budgets, bijlage B.4.1 (tabellen B.4.1-B.4.4), EUR/month, prijspeil 1 Jan 2023; empty = '*' (no minimum specified)",
vrijetijd_sp,ep_2k813,82.0,"Van den Brakel et al. (2023), tussenrapport minimum budgets, bijlage B.4.1 (tabellen B.4.1-B.4.4), EUR/month, prijspeil 1 Jan 2023; empty = '*' (no minimum specified)",
vrijetijd_sp,ep_3k111315,102.0,"Van den Brakel et al. (2023), tussenrapport minimum budgets, bijlage B.4.1 (tabellen B.4.1-B.4.4), EUR/month, prijspeil 1 Jan 2023; empty = '*' (no minimum specified)",
vrijetijd_sp,pk_1k8,82.0,"Van den Brakel et al. (2023), tussenrapport minimum budgets, bijlage B.4.1 (tabellen B.4.1-B.4.4), EUR/month, prijspeil 1 Jan 2023; empty = '*' (no minimum specified)",
vrijetijd_sp,pk_2k813,102.0,"Van den Brakel et al. (2023), tussenrapport minimum budgets, bijlage B.4.1 (tabellen B.4.1-B.4.4), EUR/month, prijspeil 1 Jan 2023; empty = '*' (no minimum specified)",
vrijetijd_sp,pk_3k111315,121.0,"Van den Brakel et al. (2023), tussenrapport minimum budgets, bijlage B.4.1 (tabellen B.4.1-B.4.4), EUR/month, prijspeil 1 Jan 2023; empty = '*' (no minimum specified)",
vrijetijd_sp,pk_adultchild,82.0,"Van den Brakel et al. (2023), tussenrapport minimum budgets, bijlage B.4.1 (tabellen B.4.1-B.4.4), EUR/month, prijspeil 1 Jan 2023; empty = '*' (no minimum specified)",
vrijetijd_sp,wlz_aow,44.0,"Van den Brakel et al. (2023), tussenrapport minimum budgets, bijlage B.4.1 (tabellen B.4.1-B.4.4), EUR/month, prijspeil 1 Jan 2023; empty = '*' (no minimum specified)",
