post,grp,rigidity,capability,role,source
shelter,vast,rigid,shelter,shelter,"X_M calc.R: grouping of the B.4.1 posts (role: shelter, mobility, zorgpremie, other)"
energie,vast,semi,bodily_health,other,"X_M calc.R: grouping of the B.4.1 posts (role: shelter, mobility, zorgpremie, other)"
water,vast,rigid,bodily_health,other,"X_M calc.R: grouping of the B.4.1 posts (role: shelter, mobility, zorgpremie, other)"
lokale_lasten,vast,rigid,shelter,other,"X_M calc.R: grouping of the B.4.1 posts (role: shelter, mobility, zorgpremie, other)"
telecom,vast,semi,affiliation,other,"X_M calc.R: grouping of the B.4.1 posts (role: shelter, mobility, zorgpremie, other)"
zorgverzekering,vast,rigid,bodily_health,zorgpremie,"X_M calc.R: grouping of the B.4.1 posts (role: shelter, mobility, zorgpremie, other)"
overige_verz,vast,semi,control_material,other,"X_M calc.R: grouping of the B.4.1 posts (role: shelter, mobility, zorgpremie, other)"
onderwijs,vast,capability,senses_thought,other,"X_M calc.R: grouping of the B.4.1 posts (role: shelter, mobility, zorgpremie, other)"
contributies_vl,vast,rigid,control_material,other,"X_M calc.R: grouping of the B.4.1 posts (role: shelter, mobility, zorgpremie, other)"
vervoer_vl,vast,capability,control_material,mobility,"X_M calc.R: grouping of the B.4.1 posts (role: shelter, mobility, zorgpremie, other)"
kleding,reserv,semi,bodily_integrity,other,"X_M calc.R: grouping of the B.4.1 posts (role: shelter, mobility, zorgpremie, other)"
inboedel,reserv,semi,control_material,other,"X_M calc.R: grouping of the B.4.1 posts (role: shelter, mobility, zorgpremie, other)"
onderhoud,reserv,semi,shelter,other,"X_M calc.R: grouping of the B.4.1 posts (role: shelter, mobility, zorgpremie, other)"
zelfzorg,reserv,semi,bodily_health,other,"X_M calc.R: grouping of the B.4.1 posts (role: shelter, mobility, zorgpremie, other)"
eigen_risico,reserv,capability,bodily_health,other,"X_M calc.R: grouping of the B.4.1 posts (role: shelter, mobility, zorgpremie, other)"
voeding,huish,capability,life_nutrition,other,"X_M calc.R: grouping of the B.4.1 posts (role: shelter, mobility, zorgpremie, other)"
waskosten_instelling,huish,rigid,bodily_integrity,other,"X_M calc.R: grouping of the B.4.1 posts (role: shelter, mobility, zorgpremie, other)"
was_schoonmaak,huish,semi,bodily_health,other,"X_M calc.R: grouping of the B.4.1 posts (role: shelter, mobility, zorgpremie, other)"
persoonlijke_verzorging,huish,semi,bodily_integrity,other,"X_M calc.R: grouping of the B.4.1 posts (role: shelter, mobility, zorgpremie, other)"
diversen,huish,semi,control_material,other,"X_M calc.R: grouping of the B.4.1 posts (role: shelter, mobility, zorgpremie, other)"
bezoek,part,capability,affiliation,other,"X_M calc.R: grouping of the B.4.1 posts (role: shelter, mobility, zorgpremie, other)"
vervoer_sp,part,capability,affiliation,mobility,"X_M calc.R: grouping of the B.4.1 posts (role: shelter, mobility, zorgpremie, other)"
contributies_sp,part,capability,play,other,"X_M calc.R: grouping of the B.4.1 posts (role: shelter, mobility, zorgpremie, other)"
vrijetijd_sp,part,capability,play,other,"X_M calc.R: grouping of the B.4.1 posts (role: shelter, mobility, zorgpremie, other)"
