hh_comp,hh_type,source
1,single,"ODiN codebook, HHSam -> household type of the model"
2,couple,"ODiN codebook, HHSam -> household type of the model"
3,couple_children,"ODiN codebook, HHSam -> household type of the model"
4,couple_children,"ODiN codebook, HHSam -> household type of the model"
5,couple,"ODiN codebook, HHSam -> household type of the model"
6,single_parent,"ODiN codebook, HHSam -> household type of the model"
7,single_parent,"ODiN codebook, HHSam -> household type of the model"
8,,"ODiN codebook, HHSam -> household type of the model"
9,,"ODiN codebook, HHSam -> household type of the model"
