lineage,rent_key,eur_month,peildatum,source
tussenrapport,single,521,2022-07-01,"tussenrapport: tabel 4.1 kolom 2 (mean rent of households up to 120% of the sociaal minimum); eindrapport 2024: normhuur (median corporation rent, label C+, CBS Woonbase 2021)"
tussenrapport,single_aow,543,2022-07-01,"tussenrapport: tabel 4.1 kolom 2 (mean rent of households up to 120% of the sociaal minimum); eindrapport 2024: normhuur (median corporation rent, label C+, CBS Woonbase 2021)"
tussenrapport,couple,593,2022-07-01,"tussenrapport: tabel 4.1 kolom 2 (mean rent of households up to 120% of the sociaal minimum); eindrapport 2024: normhuur (median corporation rent, label C+, CBS Woonbase 2021)"
tussenrapport,couple_aow,629,2022-07-01,"tussenrapport: tabel 4.1 kolom 2 (mean rent of households up to 120% of the sociaal minimum); eindrapport 2024: normhuur (median corporation rent, label C+, CBS Woonbase 2021)"
tussenrapport,single_parent,651,2022-07-01,"tussenrapport: tabel 4.1 kolom 2 (mean rent of households up to 120% of the sociaal minimum); eindrapport 2024: normhuur (median corporation rent, label C+, CBS Woonbase 2021)"
tussenrapport,couple_children,679,2022-07-01,"tussenrapport: tabel 4.1 kolom 2 (mean rent of households up to 120% of the sociaal minimum); eindrapport 2024: normhuur (median corporation rent, label C+, CBS Woonbase 2021)"
eindrapport,single,592,2023-01-01,"tussenrapport: tabel 4.1 kolom 2 (mean rent of households up to 120% of the sociaal minimum); eindrapport 2024: normhuur (median corporation rent, label C+, CBS Woonbase 2021)"
eindrapport,couple,623,2023-01-01,"tussenrapport: tabel 4.1 kolom 2 (mean rent of households up to 120% of the sociaal minimum); eindrapport 2024: normhuur (median corporation rent, label C+, CBS Woonbase 2021)"
eindrapport,p1k,629,2023-01-01,"tussenrapport: tabel 4.1 kolom 2 (mean rent of households up to 120% of the sociaal minimum); eindrapport 2024: normhuur (median corporation rent, label C+, CBS Woonbase 2021)"
eindrapport,p2k,637,2023-01-01,"tussenrapport: tabel 4.1 kolom 2 (mean rent of households up to 120% of the sociaal minimum); eindrapport 2024: normhuur (median corporation rent, label C+, CBS Woonbase 2021)"
eindrapport,p3k,643,2023-01-01,"tussenrapport: tabel 4.1 kolom 2 (mean rent of households up to 120% of the sociaal minimum); eindrapport 2024: normhuur (median corporation rent, label C+, CBS Woonbase 2021)"
eindrapport,p4k,649,2023-01-01,"tussenrapport: tabel 4.1 kolom 2 (mean rent of households up to 120% of the sociaal minimum); eindrapport 2024: normhuur (median corporation rent, label C+, CBS Woonbase 2021)"
