hh_type,level,y_disp,rent,b_norm,source,note
single,wml,2400,524,601,"Warnaar (Nibud) reference budgets: net income, rent and residual b_norm at minimum wage (wml), modal and 1.5 x modal income; EUR/month at Warnaar's price level",b_norm is read as the midpoint (gamma = 0.5) between the example-basket and the minimum-basket residual; the meaning of b_norm in the source is to be confirmed. couple_children/wml uses 411 (Warnaar tabel 16); the alternative is 401
single,modaal,2817,540,878,"Warnaar (Nibud) reference budgets: net income, rent and residual b_norm at minimum wage (wml), modal and 1.5 x modal income; EUR/month at Warnaar's price level",b_norm is read as the midpoint (gamma = 0.5) between the example-basket and the minimum-basket residual; the meaning of b_norm in the source is to be confirmed. couple_children/wml uses 411 (Warnaar tabel 16); the alternative is 401
single,modaal15,3646,880,1270,"Warnaar (Nibud) reference budgets: net income, rent and residual b_norm at minimum wage (wml), modal and 1.5 x modal income; EUR/month at Warnaar's price level",b_norm is read as the midpoint (gamma = 0.5) between the example-basket and the minimum-basket residual; the meaning of b_norm in the source is to be confirmed. couple_children/wml uses 411 (Warnaar tabel 16); the alternative is 401
couple,wml,2684,596,316,"Warnaar (Nibud) reference budgets: net income, rent and residual b_norm at minimum wage (wml), modal and 1.5 x modal income; EUR/month at Warnaar's price level",b_norm is read as the midpoint (gamma = 0.5) between the example-basket and the minimum-basket residual; the meaning of b_norm in the source is to be confirmed. couple_children/wml uses 411 (Warnaar tabel 16); the alternative is 401
couple,modaal,3011,841,338,"Warnaar (Nibud) reference budgets: net income, rent and residual b_norm at minimum wage (wml), modal and 1.5 x modal income; EUR/month at Warnaar's price level",b_norm is read as the midpoint (gamma = 0.5) between the example-basket and the minimum-basket residual; the meaning of b_norm in the source is to be confirmed. couple_children/wml uses 411 (Warnaar tabel 16); the alternative is 401
couple,modaal15,4508,880,1418,"Warnaar (Nibud) reference budgets: net income, rent and residual b_norm at minimum wage (wml), modal and 1.5 x modal income; EUR/month at Warnaar's price level",b_norm is read as the midpoint (gamma = 0.5) between the example-basket and the minimum-basket residual; the meaning of b_norm in the source is to be confirmed. couple_children/wml uses 411 (Warnaar tabel 16); the alternative is 401
couple_children,wml,3452,682,411,"Warnaar (Nibud) reference budgets: net income, rent and residual b_norm at minimum wage (wml), modal and 1.5 x modal income; EUR/month at Warnaar's price level",b_norm is read as the midpoint (gamma = 0.5) between the example-basket and the minimum-basket residual; the meaning of b_norm in the source is to be confirmed. couple_children/wml uses 411 (Warnaar tabel 16); the alternative is 401
couple_children,modaal,3722,872,428,"Warnaar (Nibud) reference budgets: net income, rent and residual b_norm at minimum wage (wml), modal and 1.5 x modal income; EUR/month at Warnaar's price level",b_norm is read as the midpoint (gamma = 0.5) between the example-basket and the minimum-basket residual; the meaning of b_norm in the source is to be confirmed. couple_children/wml uses 411 (Warnaar tabel 16); the alternative is 401
couple_children,modaal15,5107,880,1389,"Warnaar (Nibud) reference budgets: net income, rent and residual b_norm at minimum wage (wml), modal and 1.5 x modal income; EUR/month at Warnaar's price level",b_norm is read as the midpoint (gamma = 0.5) between the example-basket and the minimum-basket residual; the meaning of b_norm in the source is to be confirmed. couple_children/wml uses 411 (Warnaar tabel 16); the alternative is 401
