hh_type,quantile,age_band,rate_disc,n,level,jrate_disc,rate_comm,jrate_comm
couple,Q1,a12_17,0.7094800802976504,6,cell,1.3581580425102817,0.0,0.0
couple,Q1,a18p,0.3671170932730817,4082,cell,0.7470207573440721,0.03273168675075858,0.06824248591827729
couple,Q1,a6_11,0.0,2,cell,0.0,0.0,0.0
couple,Q10,a18p,0.4926878710735193,6770,cell,1.0090618454369558,0.03799257061822525,0.08086790983483608
couple,Q10,a6_11,1.0,1,cell,2.0,0.0,0.0
couple,Q2,a12_17,0.44291723756841994,4,cell,0.8858344751368399,0.0,0.0
couple,Q2,a18p,0.3882446372054216,6569,cell,0.7928694911148062,0.017883744024525493,0.03760969081609376
couple,Q2,a6_11,0.17805525529352823,6,cell,0.35611051058705645,0.0,0.0
couple,Q3,a12_17,0.4482731458044034,5,cell,0.4482731458044034,0.0,0.0
couple,Q3,a18p,0.42127483271362665,8690,cell,0.867237559345975,0.0217433211885852,0.046006539767219516
couple,Q3,a6_11,0.4871676261328099,6,cell,0.9743352522656198,0.0,0.0
couple,Q4,a12_17,0.5606691956762093,6,cell,0.9422701524978653,0.0,0.0
couple,Q4,a18p,0.44420116168358853,8421,cell,0.9151247453697512,0.03388687864395724,0.0732861036645666
couple,Q4,a6_11,0.19582539659254297,3,cell,0.39165079318508594,0.0,0.0
couple,Q5,a12_17,0.6104256927237668,2,cell,1.2208513854475336,0.0,0.0
couple,Q5,a18p,0.46451985591370915,7964,cell,0.9615668958313228,0.03232935179209275,0.0679974173752182
couple,Q5,a6_11,0.28881244829811825,5,cell,0.5776248965962365,0.0,0.0
couple,Q6,a12_17,5.0,1,cell,10.0,0.0,0.0
couple,Q6,a18p,0.4993849504693776,8518,cell,1.028516448325373,0.03355264286535817,0.07305426175172053
couple,Q6,a6_11,0.23726062768272263,6,cell,0.47452125536544526,0.0,0.0
couple,Q7,a12_17,1.8364781337490368,3,cell,3.6729562674980736,0.22839721172177918,0.45679442344355836
couple,Q7,a18p,0.5145691910448071,9457,cell,1.0699021185800164,0.03224684430338536,0.06765955730594783
couple,Q7,a6_11,0.0,3,cell,0.0,0.0,0.0
couple,Q8,a12_17,0.5713366371916256,4,cell,1.1426732743832513,0.15124954738291355,0.3024990947658271
couple,Q8,a18p,0.506828017725507,11106,cell,1.065600677997682,0.032376144922141026,0.06778995552401841
couple,Q8,a6_11,0.324480501540954,4,cell,0.324480501540954,0.0,0.0
couple,Q9,a12_17,0.460362439830912,2,cell,0.920724879661824,0.0,0.0
couple,Q9,a18p,0.4947425447238242,12793,cell,1.0372989983408596,0.0349829618734774,0.07529370550532548
couple,Q9,a6_11,0.5049257113223151,4,cell,0.5688426735817477,0.0,0.0
couple_children,Q1,a12_17,0.2872981756840308,704,cell,0.5358203097209715,0.002077597806885889,0.004155195613771778
couple_children,Q1,a18p,0.4349036445054442,2643,cell,0.8652411079682124,0.049515625785310734,0.10299633430666155
couple_children,Q1,a6_11,0.33132649782416734,621,cell,0.6624134367834281,0.0,0.0
couple_children,Q10,a12_17,0.3658696948840704,1016,cell,0.6860278367710462,0.005262006073260843,0.012879745807827045
couple_children,Q10,a18p,0.5387972733151368,6594,cell,1.1076643536717665,0.05834218032723344,0.13138879203682374
couple_children,Q10,a6_11,0.5310014361552637,809,cell,1.0527459196531022,0.0,0.0
couple_children,Q2,a12_17,0.3858452009006849,621,cell,0.7483047514033909,0.005846437936295072,0.011802194503396025
couple_children,Q2,a18p,0.47790403788560365,2777,cell,0.979086293036887,0.06661219999004037,0.146452968728247
couple_children,Q2,a6_11,0.4538135580833783,566,cell,0.9070857942146169,0.0,0.0
couple_children,Q3,a12_17,0.3725029509861682,856,cell,0.7506381209084977,0.006603510965968903,0.011362082068907648
couple_children,Q3,a18p,0.5176929100893215,3977,cell,1.0715380384857656,0.057165140172405655,0.1220844342812735
couple_children,Q3,a6_11,0.4880551608587707,808,cell,0.9674382151857572,0.0,0.0
couple_children,Q4,a12_17,0.3495389510756534,1186,cell,0.6537016614192583,0.008556028927167551,0.015243374216214392
couple_children,Q4,a18p,0.5256099694896792,5553,cell,1.1075855765511837,0.07464922253616409,0.17108944318726643
couple_children,Q4,a6_11,0.5727925565849138,1125,cell,1.1365454192846243,0.0,0.0
couple_children,Q5,a12_17,0.34183388365289735,1451,cell,0.6756162844125365,0.012006251127073611,0.025542236807166958
couple_children,Q5,a18p,0.5574783089354118,7054,cell,1.1789762968845556,0.06437408325542397,0.14320610953174182
couple_children,Q5,a6_11,0.57223804061883,1393,cell,1.1545342128692366,0.0,0.0
couple_children,Q6,a12_17,0.3560573540153467,1691,cell,0.6940879769753021,0.014654653167745002,0.028619195756581565
couple_children,Q6,a18p,0.5556889053074437,8612,cell,1.1547136912931844,0.05637093340223067,0.12676675299207957
couple_children,Q6,a6_11,0.5554356732251355,1589,cell,1.1011884720417218,0.0,0.0
couple_children,Q7,a12_17,0.38499873368687487,1828,cell,0.7386663353757981,0.010472755790545874,0.022345258802040552
couple_children,Q7,a18p,0.5486662016150291,10353,cell,1.1397017648802217,0.057126547111955917,0.12643205030878069
couple_children,Q7,a6_11,0.570676636538125,1632,cell,1.1104596607210175,0.0,0.0
couple_children,Q8,a12_17,0.3774959995050837,1900,cell,0.7257106302336648,0.0080742338879326,0.018702873014731815
couple_children,Q8,a18p,0.5469506459286203,12343,cell,1.1325165291946186,0.05820204403684356,0.12555594418497967
couple_children,Q8,a6_11,0.5660512619693698,1518,cell,1.0929146299388874,0.0,0.0
couple_children,Q9,a12_17,0.3522876565615568,1974,cell,0.6770647680590972,0.008174608248226585,0.017972941081014108
couple_children,Q9,a18p,0.5456592474075546,13287,cell,1.1217111335478938,0.058010449237381655,0.12504266288586738
couple_children,Q9,a6_11,0.5353774378125984,1518,cell,1.0398041908492832,0.0,0.0
single,Q1,a12_17,0.44935690602149925,4,cell,1.283983530719267,0.0,0.0
single,Q1,a18p,0.33259565965395005,5289,cell,0.6285622893075332,0.02128235216298075,0.04499212475525063
single,Q10,a18p,0.48069764273621257,1536,cell,0.9641443077229142,0.048021747729726054,0.10967452062889506
single,Q2,a12_17,2.0,1,cell,3.0000000000000004,0.0,0.0
single,Q2,a18p,0.31592847455289963,5203,cell,0.6312715876586467,0.021384755894616737,0.04440834578676514
single,Q3,a18p,0.34749929418146847,5219,cell,0.6789403573646327,0.02804772502134774,0.06331586557500754
single,Q4,a18p,0.4139720892585221,4544,cell,0.8224327925695823,0.030459081255728836,0.06695323101822183
single,Q5,a12_17,0.6049331612380007,3,cell,1.5123329030950017,0.0,0.0
single,Q5,a18p,0.41520081442200635,3997,cell,0.8357249642147956,0.036582500695537395,0.07698315829046333
single,Q6,a12_17,0.6049331612380007,3,cell,1.512332903095002,0.0,0.0
single,Q6,a18p,0.4125887935145742,3823,cell,0.8407643112393611,0.036558697931410124,0.0839043493497533
single,Q6,a6_11,1.0,1,cell,2.0,0.0,0.0
single,Q7,a12_17,0.0,1,cell,0.0,0.0,0.0
single,Q7,a18p,0.43178037178629436,3660,cell,0.8864878549982405,0.03391825385737164,0.07522488798035493
single,Q7,a6_11,1.0,1,cell,2.0,0.0,0.0
single,Q8,a12_17,0.0,2,cell,0.0,0.0,0.0
single,Q8,a18p,0.45239171087812824,3490,cell,0.9121532679057929,0.03483113347312502,0.07305854008937378
single,Q9,a12_17,0.0,1,cell,0.0,0.0,0.0
single,Q9,a18p,0.46702600337742545,3204,cell,0.9204613646531336,0.04019063704065547,0.08668557265710677
single_parent,Q1,a12_17,0.4253015083323066,473,cell,0.781518241599564,0.011573367255032344,0.021623435131058532
single_parent,Q1,a18p,0.4594145438314105,1187,cell,0.9420407758148477,0.051010368623702576,0.10833613888259595
single_parent,Q1,a6_11,0.3298753634516432,289,cell,0.595022256967486,0.0,0.0
single_parent,Q10,a12_17,0.4598043294357317,46,cell,0.8372894250144404,0.0,0.0
single_parent,Q10,a18p,0.4791648146969795,319,cell,0.9907700241223295,0.08607941250701215,0.17994100590369708
single_parent,Q10,a6_11,0.6345094227259894,20,cell,1.1627948566510726,0.0,0.0
single_parent,Q2,a12_17,0.40125908750438993,516,cell,0.7594291715087745,0.009753442853950321,0.01696442022911185
single_parent,Q2,a18p,0.5011857284249623,1296,cell,1.0362655574223523,0.040784590270294546,0.09494826652543609
single_parent,Q2,a6_11,0.4805953447973649,239,cell,0.955923712135546,0.0,0.0
single_parent,Q3,a12_17,0.37527183551480625,427,cell,0.686944600340021,0.009035741212771804,0.015286759153732874
single_parent,Q3,a18p,0.5306558004962502,1297,cell,1.0721221104016507,0.05041548879521847,0.11875667480377197
single_parent,Q3,a6_11,0.5865565065644622,203,cell,1.166031797077558,0.0,0.0
single_parent,Q4,a12_17,0.42632548060555375,390,cell,0.7677442531407315,0.011149467698305143,0.0213231554158065
single_parent,Q4,a18p,0.5909146415657569,1310,cell,1.2073928752094094,0.05141608090867831,0.11252103706602481
single_parent,Q4,a6_11,0.6090035453065583,175,cell,1.1012432306422795,0.0,0.0
single_parent,Q5,a12_17,0.40611582240005534,298,cell,0.735714680034506,0.011771456874579965,0.02354291374915993
single_parent,Q5,a18p,0.557292028385562,1232,cell,1.149494701116527,0.04657671239074786,0.10405964274544378
single_parent,Q5,a6_11,0.5216920828370379,154,cell,0.8943842137790982,0.0,0.0
single_parent,Q6,a12_17,0.40968576241252463,216,cell,0.6995650468097111,0.003936003085801498,0.007872006171602997
single_parent,Q6,a18p,0.5688118892249654,1157,cell,1.1669035310408291,0.03969787524121203,0.08933411393972554
single_parent,Q6,a6_11,0.584233705734321,137,cell,1.0790814196252754,0.0,0.0
single_parent,Q7,a12_17,0.3757703795040768,184,cell,0.6408231373918445,0.014176589258195725,0.035954068947534105
single_parent,Q7,a18p,0.5652531432417981,1048,cell,1.1442132674737844,0.04324260104330324,0.09704426566350606
single_parent,Q7,a6_11,0.6670137685859902,109,cell,1.197434073609398,0.0,0.0
single_parent,Q8,a12_17,0.400615532674602,158,cell,0.7242712004947898,0.022568228179191116,0.04737130074252045
single_parent,Q8,a18p,0.574994631452137,928,cell,1.1669348791580065,0.05618745222720019,0.12220946824908867
single_parent,Q8,a6_11,0.6546357362517355,75,cell,1.1572946621361446,0.0,0.0
single_parent,Q9,a12_17,0.4970009414563689,116,cell,0.9275666322151608,0.014738048474240107,0.014738048474240107
single_parent,Q9,a18p,0.5831584301545205,758,cell,1.203317345979392,0.07212319142627407,0.1513699056917193
single_parent,Q9,a6_11,0.5631982093815359,47,cell,1.0855174276827366,0.0,0.0
couple,,a12_17,0.8532431937799585,18,type,1.5873283243383316,,
couple,,a18p,0.4628011700168078,42986,type,0.9569226594427327,,
couple,,a6_11,0.28972452960307454,20,type,0.5291594747035531,,
couple_children,,a12_17,0.35724946642364375,6813,type,0.6879040332389316,,
couple_children,,a18p,0.5339819135796393,37314,type,1.1061344745783683,,
couple_children,,a6_11,0.5271047391687733,5972,type,1.0413350374071353,,
single,,a12_17,0.4085883139037615,9,type,1.055220902331136,,
single,,a18p,0.3814869424222491,21369,type,0.7561336468274495,,
single,,a6_11,1.0,1,type,2.0,,
single_parent,,a12_17,0.4090407971083317,1498,type,0.7479800091990398,,
single_parent,,a18p,0.534415094332875,5522,type,1.094183602518313,,
single_parent,,a6_11,0.49734888993566523,802,type,0.9282585071841606,,
,Q1,a12_17,0.3376297246129764,1187,quantile,0.6283075953031169,,
,Q1,a18p,0.37534659878417354,13201,quantile,0.7387354788054865,,
,Q1,a6_11,0.33039300232414043,912,quantile,0.6401789910317254,,
,Q10,a12_17,0.3692931625498111,1062,quantile,0.6915405974145663,,
,Q10,a18p,0.5128633685676451,15219,quantile,1.050409328696815,,
,Q10,a6_11,0.5336111002179771,830,quantile,1.055887198581448,,
,Q2,a12_17,0.39338447875575255,1142,quantile,0.7543119388132465,,
,Q2,a18p,0.38761866113182186,15845,quantile,0.7879462253676842,,
,Q2,a6_11,0.4601824441123745,811,quantile,0.9183669975852063,,
,Q3,a12_17,0.37363505784489875,1288,quantile,0.7309444685693645,,
,Q3,a18p,0.43078569693718816,19183,quantile,0.8756501275989865,,
,Q3,a6_11,0.5056606134857654,1017,quantile,1.0029695115045993,,
,Q4,a12_17,0.3661234094001634,1582,quantile,0.6782629026125212,,
,Q4,a18p,0.47475190889580404,19828,quantile,0.9785474673162577,,
,Q4,a6_11,0.5763467146075407,1303,quantile,1.131110344282845,,
,Q5,a12_17,0.35117880879900615,1754,quantile,0.6864216280508155,,
,Q5,a18p,0.4972063234030343,20247,quantile,1.0341477289852892,,
,Q5,a6_11,0.5649267848130093,1552,quantile,1.1252040045092992,,
,Q6,a12_17,0.36548269315200943,1911,quantile,0.7038006834159799,,
,Q6,a18p,0.5125304396878894,22110,quantile,1.0582554258949886,,
,Q6,a6_11,0.5568912783292433,1733,quantile,1.0986628414930704,,
,Q7,a12_17,0.3864701006458672,2016,quantile,0.7355264757062363,,
,Q7,a18p,0.5200695519140577,24518,quantile,1.0777579432646387,,
,Q7,a6_11,0.5760328872580196,1745,quantile,1.1150823028900312,,
,Q8,a12_17,0.3788349011615623,2064,quantile,0.7254368501000633,,
,Q8,a18p,0.5214210674682224,27867,quantile,1.0813048633811662,,
,Q8,a6_11,0.5696627956843541,1597,quantile,1.094190978350738,,
,Q9,a12_17,0.3593739623121996,2093,quantile,0.6893914592047765,,
,Q9,a18p,0.5188184264396749,30042,quantile,1.0696384729800086,,
,Q9,a6_11,0.5361012887230223,1569,quantile,1.0396133354533814,,
