hh_type,quantile,km_car,km_pt,share_pt,km_car_j,km_pt_j,n
couple,Q1,17.669228765993008,11.46404375029929,0.4850867805356556,9.070806717468637,6.4399092973344985,82
couple,Q10,30.314146260196225,11.042488505674068,0.22369836291710166,14.677150314273598,5.332400388502062,234
couple,Q2,19.648792339947562,11.96104193691588,0.35932712124423,9.563350702687591,6.42939974266879,88
couple,Q3,15.359904485322934,13.149045919425435,0.3756170990120258,6.8773115387700265,7.9942122915476785,133
couple,Q4,16.03916957955633,15.04833785897337,0.4742838817229868,7.734646724060446,7.687465921809169,185
couple,Q5,22.507087630151275,7.962766320670354,0.3052090300310694,10.71293108184754,4.33609944616495,205
couple,Q6,25.289137171226358,9.691108670022436,0.26555910241723596,11.257455754217206,5.763703282652768,217
couple,Q7,28.02600477660429,7.331049520666196,0.21353964564853917,13.520158844902937,4.288001683326152,261
couple,Q8,28.658977787743897,6.737841200862856,0.20057890729062167,14.376656751657112,3.4811105229664427,317
couple,Q9,28.4081705050506,9.246779141903932,0.22492597915855264,13.965500004231927,4.48014985777209,408
couple_children,Q1,26.046478053414322,12.329023536354184,0.4200855680890702,14.567918449507854,6.981828419412972,132
couple_children,Q10,26.50973389479043,8.822212059729113,0.24387625355012854,12.3977864297988,4.1426068828182965,328
couple_children,Q2,13.322112626752316,11.256069702914763,0.37109528746286097,6.254906343020485,5.409656530170292,169
couple_children,Q3,21.843780446415703,14.28759058588244,0.3477885262581757,10.674314275575842,6.206395605946048,216
couple_children,Q4,17.364097133546494,12.050071640282072,0.28472029456389286,8.595628746425422,5.388960920143027,353
couple_children,Q5,17.00826740000813,10.307007988519963,0.25173713841654066,8.192037477448352,5.252608221438121,452
couple_children,Q6,20.349355885265368,8.913726279724461,0.2900995362167081,10.004280936965086,4.518432141650907,470
couple_children,Q7,20.365641932227827,9.083238302447551,0.26922278935148974,9.754720268341902,4.845946192393243,543
couple_children,Q8,21.481925469044775,10.320529832764368,0.25774131846788667,10.553408766129007,5.372979575299776,637
couple_children,Q9,24.159051595830196,10.781998611736752,0.26229377411528093,12.10598299636989,5.258765638887361,676
single,Q1,24.24788268390887,22.1694663234828,0.4513475531482654,10.61537820614904,15.933767409331779,120
single,Q10,55.27135133747745,27.773956465499264,0.33113991732602177,23.660397889732756,18.232594676249082,55
single,Q2,17.96580203703122,13.093861564987025,0.2660341532817844,9.875598239211229,9.254233753662659,105
single,Q3,19.142430639388937,16.91559488802758,0.303562348984107,9.354442673271913,5.678361521068417,119
single,Q4,14.267776158160656,17.126293762369333,0.38453432431713397,7.047223502925791,8.260134417745268,118
single,Q5,16.55696102920216,9.251488758689396,0.3051161880429512,8.259348636955293,4.419508096503661,119
single,Q6,17.36004252079759,10.494156952177326,0.28420737401483037,7.2763946781582005,4.48569799975468,125
single,Q7,18.313329794514075,10.662018026337634,0.2485788157972235,8.506856979647106,6.5970440762140345,112
single,Q8,24.31686476153685,9.039676350957262,0.20995973197619924,13.150601461587568,6.0304506563166935,108
single,Q9,37.13101793672172,13.256005058312963,0.231646626178003,18.760658828323734,7.594917471935016,111
single_parent,Q1,42.40778541448296,7.025539810631942,0.3332477113794446,21.26414327896342,5.480035523424075,56
single_parent,Q10,28.21677903246865,11.61500241557955,0.3257148232838596,13.70197513244551,8.38407888790135,23
single_parent,Q2,13.491075087843369,9.71489726186864,0.4679167741119825,5.8208608896964,5.098721799692172,59
single_parent,Q3,15.317106078032586,5.622352520902598,0.228523381281019,6.4589263613681265,2.998397860203215,67
single_parent,Q4,13.384753779756279,4.235736162600149,0.24838471913836704,5.5156970029205,2.23387297342988,74
single_parent,Q5,16.64564100780676,15.99544528682787,0.25559802787927915,7.767776397452513,5.194161833350242,63
single_parent,Q6,16.694199800246054,9.049748181278375,0.1908669417117003,7.429536789506999,3.2777468615937613,53
single_parent,Q7,20.08284684781814,5.62135340236915,0.2852462717261613,7.2428050872402165,3.8732955634896764,47
single_parent,Q8,21.29150567401266,5.8749951684170165,0.28018762427027194,9.429601264001832,3.8192280623008994,53
single_parent,Q9,21.846620897536198,6.361447581951151,0.22398128409027113,12.064684214365169,3.746348217746323,52
