hh_type,quantile,rate,n,level,jrate
couple,Q1,0.4754582319752882,161,cell,1.0073917638533947
couple,Q10,0.3717866481915067,478,cell,0.7835941841620264
couple,Q2,0.43778640751110826,166,cell,0.9218296349448514
couple,Q3,0.48259938144959325,225,cell,1.0220175251868608
couple,Q4,0.4937536774681152,285,cell,1.0746267951473418
couple,Q5,0.507576780328092,324,cell,1.074883703285951
couple,Q6,0.4640593560384511,379,cell,1.0124009738517392
couple,Q7,0.4365446712175441,463,cell,0.9151239397673866
couple,Q8,0.42821678652455736,574,cell,0.902039420443098
couple,Q9,0.4105682917249669,801,cell,0.8910599976027774
couple_children,Q1,0.3739111378232178,291,cell,0.7720048320963304
couple_children,Q10,0.4221076599345071,670,cell,0.9520121185933081
couple_children,Q2,0.4537164444316055,328,cell,0.9760948256344606
couple_children,Q3,0.3945056906185075,457,cell,0.845047294709993
couple_children,Q4,0.44373796958268574,650,cell,1.0205160792118035
couple_children,Q5,0.44008431033738105,795,cell,0.9838991308756841
couple_children,Q6,0.4490520982165942,850,cell,0.9839717142421076
couple_children,Q7,0.44927269856582236,978,cell,0.9756388702265656
couple_children,Q8,0.4471925986350077,1172,cell,0.9611117723348891
couple_children,Q9,0.4414438044824075,1306,cell,0.9535248992221411
single,Q1,0.35721381640437655,195,cell,0.8075504126683399
single,Q10,0.3667636966751117,139,cell,0.819162828015697
single,Q2,0.44221052583608794,189,cell,0.9755953240402832
single,Q3,0.4249046273800058,223,cell,0.9599125986227349
single,Q4,0.3963441027840969,225,cell,0.8734605211337908
single,Q5,0.42442605516492193,244,cell,0.8952213449314507
single,Q6,0.43033414213355603,232,cell,0.9698492386071276
single,Q7,0.35568875760859564,205,cell,0.7784878665619568
single,Q8,0.36403863436674805,207,cell,0.7644884484624799
single,Q9,0.41761695311668495,243,cell,0.9017718990067762
single_parent,Q1,0.5438318273048687,93,cell,1.1663161103302515
single_parent,Q10,0.4648144337319471,53,cell,0.9656347778585092
single_parent,Q2,0.4138993714159786,113,cell,0.9516770170364103
single_parent,Q3,0.4151708519366673,134,cell,0.9517316551113608
single_parent,Q4,0.3730473758054992,142,cell,0.8297466343271028
single_parent,Q5,0.4594847835184127,114,cell,1.0509050370525619
single_parent,Q6,0.32102614100824495,92,cell,0.7280068589539883
single_parent,Q7,0.257060295175578,91,cell,0.6381981032323397
single_parent,Q8,0.36372474546489086,98,cell,0.8478444085265293
single_parent,Q9,0.5024327576000674,104,cell,1.057155206189119
,Q1,0.3290422517939225,10,cell,0.6145876570041847
,Q10,0.21767945833215052,5,cell,0.6530383749964516
,Q2,0.2466383439913279,9,cell,0.388999022819927
,Q3,0.7580343739315927,7,cell,2.518631844778644
,Q4,0.45328338908309634,3,cell,1.586491861790837
,Q5,0.8684878549920292,2,cell,2.6054635649760876
,Q6,0.48396673969111675,4,cell,1.1929090610349
,Q7,0.7432334517478667,7,cell,1.3870982699077177
,Q8,1.0388260951107462,5,cell,1.7844273621121725
,Q9,0.7159644356363185,6,cell,1.029609663411505
,Q1,0.4104934589715231,750,quantile,0.8758396749079783
,Q10,0.4007946984613759,1345,quantile,0.8830372568533369
,Q2,0.4399270832640182,805,quantile,0.9552780765208396
,Q3,0.4231935612374059,1046,quantile,0.9295431737517601
,Q4,0.4408020174708925,1305,quantile,0.9931433671086108
,Q5,0.454024620570934,1479,quantile,0.9971734790837149
,Q6,0.4430601312660387,1557,quantile,0.9754929179824794
,Q7,0.42623763240782203,1744,quantile,0.9215359206865529
,Q8,0.4314638445596435,2056,quantile,0.9226049938101061
,Q9,0.43332773353193227,2460,quantile,0.93538211228923
