hh_type,quantile,hh_size,hh_lft1,hh_lft2,hh_lft3,hh_lft4
couple,Q1,2.0348145173584404,0.0011915430636174611,0.0026360919100122085,0.007597065325630323,2.0234868039266964
couple,Q10,2.0265455352139674,0.0007905882453720638,0.0014267356436310755,0.0003749205072134801,2.0239532908177504
couple,Q2,2.0239724222925406,0.00211324264059718,0.0037882305097743313,0.004651309547735944,2.0165295700712855
couple,Q3,2.0244519467783344,0.0015202314128709164,0.0028293122779051833,0.0041173836997260215,2.0183959982910595
couple,Q4,2.0326197597181204,0.002254425474175822,0.004724332636942875,0.004567144009052759,2.021116342418118
couple,Q5,2.0419164638768783,0.0033496533112165245,0.005798232280020425,0.004315040762837324,2.0284108734287902
couple,Q6,2.0345171358410474,0.002924451795742015,0.005216157906196781,0.00343037454927205,2.0262570942727733
couple,Q7,2.032026986961202,0.0024609789049052627,0.003269021872613594,0.0027170349288738994,2.0252376579639284
couple,Q8,2.0327870342481345,0.0022576797516188655,0.0028971825304216817,0.0018100640056498227,2.025822107960444
couple,Q9,2.031406379403788,0.0018305676431239135,0.0030381180222860973,0.0009040276503795002,2.0256336660879986
couple_children,Q1,4.467430065675945,0.4806613279107086,0.7895305788172591,0.7431586965111782,2.46519665412876
couple_children,Q10,3.9257801061500968,0.21122621713177622,0.3897819325370245,0.520091786999504,2.8092907784380747
couple_children,Q2,4.250563255915839,0.43780838315914444,0.707666555347535,0.6358016913151979,2.487315927214466
couple_children,Q3,4.156111480274449,0.3905825776519712,0.6827552750954414,0.6400488266450705,2.4725121129808936
couple_children,Q4,4.1268229191092525,0.38648112807039436,0.6431716415685792,0.6304785242096462,2.477500379917988
couple_children,Q5,4.097217012091854,0.3667051162923388,0.6083077567166322,0.6234653599853048,2.5089794102301384
couple_children,Q6,4.0356105727493805,0.32994447352793477,0.5661302959907022,0.5905948128845997,2.5563402474648966
couple_children,Q7,3.9771093965172555,0.29293200265864855,0.4923728719363899,0.5466439410253705,2.652952326209224
couple_children,Q8,3.9286274954644242,0.26485442179736873,0.4120858362943525,0.5166140754885955,2.745478610435056
couple_children,Q9,3.905219217550328,0.2408208448712778,0.36706600046768656,0.507917297414604,2.7999569644629845
single,Q1,1.0,0.0,0.0,0.0025076121991856487,1.0019098576614711
single,Q10,1.0,0.0,0.0,0.0,1.0035898131637437
single,Q2,1.0,0.0,0.0,0.00042437314348333917,1.0003370311273247
single,Q3,1.0,0.0,0.0,0.0,1.0020255280946104
single,Q4,1.0,0.0007462189647936508,0.0014924379295873016,0.0018655474119841267,1.000720966547579
single,Q5,1.0,0.00022064076104161498,0.00044128152208322997,0.0020647793685807103,0.9997019502547745
single,Q6,1.0,0.0,0.00085120784798178,0.001237292423758001,1.0021876294210514
single,Q7,1.0,0.0,0.0005021418826265347,0.0010582244103671933,1.0006861687161956
single,Q8,1.0,0.0,0.0,0.001041697927851279,0.9989562404153337
single,Q9,1.0,0.0,0.0,0.000699819575369294,1.0000869389116964
single_parent,Q1,3.044855299579793,0.21004552358834336,0.5496340028870658,0.6925066438442301,1.59207176509527
single_parent,Q10,2.7782924452638578,0.04846751135719777,0.1439882233080171,0.4307327122350809,2.1529410041477948
single_parent,Q2,2.8260163816840467,0.11015038542223074,0.39886105902718955,0.6895211664439033,1.6258873352044254
single_parent,Q3,2.7509108093810757,0.08496924736635662,0.3479575357028082,0.6351707697754555,1.6852925274633126
single_parent,Q4,2.6881554245870887,0.0712565791297754,0.28757203884817284,0.5919625722564932,1.7375837350173307
single_parent,Q5,2.672295017103796,0.059569567691166864,0.28694330711928784,0.4563355520554042,1.8691845868873382
single_parent,Q6,2.630470424092552,0.04911977177777843,0.23574012126794183,0.39534288859410016,1.9502676424527317
single_parent,Q7,2.6271622871005738,0.03779860107630306,0.20477184369241683,0.3719381991540007,2.0114278427096886
single_parent,Q8,2.641211458292452,0.036106166072780124,0.19227332781269277,0.3601426139009178,2.0551732521128585
single_parent,Q9,2.671476921070242,0.0445222982207811,0.17433929449976032,0.37210898729494146,2.088360599722724
