income,quantile,share
1.0,Q1,1.0
2.0,Q1,0.3548347036023434
2.0,Q2,0.6451652963976565
3.0,Q2,0.6326051964900548
3.0,Q3,0.3673948035099453
4.0,Q3,0.7704953972339297
4.0,Q4,0.22950460276607035
5.0,Q4,0.8004473389876239
5.0,Q5,0.19955266101237612
6.0,Q5,0.7517505279494061
6.0,Q6,0.24824947205059392
7.0,Q6,0.6592531515153194
7.0,Q7,0.3407468484846807
8.0,Q7,0.5318887473167376
8.0,Q8,0.4681112526832623
9.0,Q8,0.37398982014357135
9.0,Q9,0.6260101798564286
10.0,Q9,0.19345163156198011
10.0,Q10,0.8065483684380199
