# NS Tarieven Consumenten, geldig per 1 januari 2026: enkele reis 2e klas, vol tarief incl. 9% btw
# te = tariefeenheden (row '0 t/m 8' is stored as te = 8)
te,eur
8,3.00
9,3.30
10,3.50
11,3.70
12,4.00
13,4.20
14,4.40
15,4.60
16,4.90
17,5.10
18,5.30
19,5.50
20,5.80
21,6.00
22,6.20
23,6.40
24,6.60
25,6.90
26,7.10
27,7.30
28,7.50
29,7.80
30,8.00
31,8.20
32,8.40
33,8.70
34,8.90
35,9.10
36,9.30
37,9.60
38,9.80
39,10.00
40,10.20
41,10.50
42,10.70
43,10.90
44,11.10
45,11.30
46,11.60
47,11.80
48,12.00
49,12.20
50,12.40
51,12.70
52,12.90
53,13.10
54,13.30
55,13.60
56,13.80
57,14.00
58,14.20
59,14.40
60,14.70
61,14.90
62,15.10
63,15.30
64,15.70
65,15.90
66,16.20
67,16.40
68,16.60
69,16.80
70,16.90
71,17.10
72,17.30
73,17.50
74,17.80
75,18.00
76,18.20
77,18.40
78,18.70
79,18.90
80,19.10
81,19.30
82,19.50
83,19.70
84,19.80
85,20.00
86,20.20
87,20.40
88,20.60
89,20.80
90,21.00
91,21.10
92,21.30
93,21.50
94,21.60
95,21.80
96,22.00
97,22.10
98,22.30
99,22.50
100,22.70
101,22.80
102,23.00
103,23.10
104,23.30
105,23.40
106,23.60
107,23.80
108,23.90
109,24.10
110,24.20
111,24.40
112,24.50
113,24.70
114,24.80
115,25.00
116,25.20
117,25.30
118,25.50
119,25.60
120,25.80
121,25.90
122,26.00
123,26.10
124,26.20
125,26.30
126,26.40
127,26.50
128,26.60
129,26.70
130,26.80
131,26.90
132,27.00
133,27.10
134,27.20
135,27.30
136,27.40
137,27.50
138,27.60
139,27.70
140,27.80
141,27.90
142,28.00
143,28.10
144,28.20
145,28.30
146,28.40
147,28.50
148,28.60
149,28.70
150,28.80
151,28.90
152,29.00
153,29.10
154,29.20
155,29.30
156,29.30
157,29.40
158,29.50
159,29.60
160,29.70
161,29.80
162,29.90
163,30.00
164,30.10
165,30.20
166,30.20
167,30.30
168,30.40
169,30.50
170,30.60
171,30.70
172,30.80
173,30.90
174,31.00
175,31.00
176,31.10
177,31.20
178,31.30
179,31.40
180,31.50
181,31.60
182,31.70
183,31.80
184,31.90
185,31.90
186,32.00
187,32.10
188,32.20
189,32.30
190,32.40
191,32.50
192,32.60
193,32.70
194,32.80
195,32.80
196,32.90
197,33.00
198,33.10
199,33.20
200,33.30
