hub,lat,lon,precision,source,buurtcode,access,bike_share,score
S2T hub BU03440343,52.122318,5.126804,buurt_centroid,"S2T siting: low 'pt' accessibility (weight 0.5) and low bicycle ownership, spacing 400 m, within lime_price_zones_overvecht_kanaleneiland.csv",BU03440343,23809.9,0.72,0.1333
S2T hub BU03440342,52.124368,5.103589,buurt_centroid,"S2T siting: low 'pt' accessibility (weight 0.5) and low bicycle ownership, spacing 400 m, within lime_price_zones_overvecht_kanaleneiland.csv",BU03440342,24851.2,0.72,0.1667
S2T hub BU03440341,52.120963,5.110405,buurt_centroid,"S2T siting: low 'pt' accessibility (weight 0.5) and low bicycle ownership, spacing 400 m, within lime_price_zones_overvecht_kanaleneiland.csv",BU03440341,27917.6,0.72,0.2
S2T hub BU03440333,52.126932,5.085713,buurt_centroid,"S2T siting: low 'pt' accessibility (weight 0.5) and low bicycle ownership, spacing 400 m, within lime_price_zones_overvecht_kanaleneiland.csv",BU03440333,23671.5,0.85,0.5
S2T hub BU03440312,52.114144,5.129835,buurt_centroid,"S2T siting: low 'pt' accessibility (weight 0.5) and low bicycle ownership, spacing 400 m, within lime_price_zones_overvecht_kanaleneiland.csv",BU03440312,43015.5,0.75,0.5167
S2T hub BU03440322,52.118068,5.120316,buurt_centroid,"S2T siting: low 'pt' accessibility (weight 0.5) and low bicycle ownership, spacing 400 m, within lime_price_zones_overvecht_kanaleneiland.csv",BU03440322,29009.4,0.82,0.55
S2T hub BU03440822,52.071774,5.105523,buurt_centroid,"S2T siting: low 'pt' accessibility (weight 0.5) and low bicycle ownership, spacing 400 m, within lime_price_zones_overvecht_kanaleneiland.csv",BU03440822,45920.7,0.79,0.65
S2T hub BU03440332,52.122237,5.093799,buurt_centroid,"S2T siting: low 'pt' accessibility (weight 0.5) and low bicycle ownership, spacing 400 m, within lime_price_zones_overvecht_kanaleneiland.csv",BU03440332,34466.2,0.85,0.6667
S2T hub BU03440321,52.112677,5.110111,buurt_centroid,"S2T siting: low 'pt' accessibility (weight 0.5) and low bicycle ownership, spacing 400 m, within lime_price_zones_overvecht_kanaleneiland.csv",BU03440321,37255.4,0.82,0.6833
S2T hub BU03440331,52.116525,5.101458,buurt_centroid,"S2T siting: low 'pt' accessibility (weight 0.5) and low bicycle ownership, spacing 400 m, within lime_price_zones_overvecht_kanaleneiland.csv",BU03440331,36652.5,0.85,0.7
S2T hub BU03440832,52.076184,5.089135,buurt_centroid,"S2T siting: low 'pt' accessibility (weight 0.5) and low bicycle ownership, spacing 400 m, within lime_price_zones_overvecht_kanaleneiland.csv",BU03440832,45034.1,0.81,0.7
S2T hub BU03440823,52.079508,5.099865,buurt_centroid,"S2T siting: low 'pt' accessibility (weight 0.5) and low bicycle ownership, spacing 400 m, within lime_price_zones_overvecht_kanaleneiland.csv",BU03440823,52184.8,0.81,0.8
