buurtcode,mode,segment,household_type,income_class,population,accessibility,atom,accessibility_normalised,availability,accessibility_expected
BU90000000,car,couple_D1,couple,D1,51.64164067726906,84.59754943847656,1.0,,1.0,84.59754943847656
BU90000001,car,couple_D1,couple,D1,34.665027173969,12.03749942779541,1.0,,1.0,12.03749942779541
BU90000002,car,couple_D1,couple,D1,85.16249890106317,191.65764617919922,1.0,,1.0,191.65764617919922
BU90000003,car,couple_D1,couple,D1,67.14653133067465,33.566887855529785,1.0,,1.0,33.566887855529785
BU90000000,car,couple_D2,couple,D2,31.903068408204604,964.3042907714844,0.0,964.3042907714844,1.0,964.3042907714844
BU90000001,car,couple_D2,couple,D2,24.128854028357484,1072.6660766601562,0.0,1072.6660766601562,1.0,1072.6660766601562
BU90000002,car,couple_D2,couple,D2,72.15951957741258,1001.6838989257812,0.0,1001.6838989257812,1.0,1001.6838989257812
BU90000003,car,couple_D2,couple,D2,31.063173272495035,930.110595703125,0.0,930.110595703125,1.0,930.110595703125
BU90000000,car,couple_D3,couple,D3,65.70771257084346,1213.9966430664062,0.0,1213.9966430664062,1.0,1213.9966430664062
BU90000001,car,couple_D3,couple,D3,50.78174074709444,1370.7503051757812,0.0,1370.7503051757812,1.0,1370.7503051757812
BU90000002,car,couple_D3,couple,D3,134.07011556796445,1334.4686889648438,0.0,1334.4686889648438,1.0,1334.4686889648438
BU90000003,car,couple_D3,couple,D3,85.98795267620596,1327.0580444335938,0.0,1327.0580444335938,1.0,1327.0580444335938
BU90000000,car,couple_D4,couple,D4,50.86299102894572,1007.7432556152344,0.0,1007.7432556152344,1.0,1007.7432556152344
BU90000001,car,couple_D4,couple,D4,41.565869321264636,1133.5637817382812,0.0,1133.5637817382812,1.0,1133.5637817382812
BU90000002,car,couple_D4,couple,D4,116.14015208736016,1088.5049438476562,0.0,1088.5049438476562,1.0,1088.5049438476562
BU90000003,car,couple_D4,couple,D4,55.90572537247264,1088.419921875,0.0,1088.419921875,1.0,1088.419921875
BU90000000,car,couple_D5,couple,D5,13.779295755461009,1295.1339721679688,0.0,1295.1339721679688,1.0,1295.1339721679688
BU90000001,car,couple_D5,couple,D5,20.299767836882772,1483.0442504882812,0.0,1483.0442504882812,1.0,1483.0442504882812
BU90000002,car,couple_D5,couple,D5,44.726007567689905,1455.4379272460938,0.0,1455.4379272460938,1.0,1455.4379272460938
BU90000003,car,couple_D5,couple,D5,20.446885890907733,1465.3367919921875,0.0,1465.3367919921875,1.0,1465.3367919921875
BU90000000,car,couple_D6,couple,D6,33.51955071365908,1116.880859375,0.0,1116.880859375,1.0,1116.880859375
BU90000001,car,couple_D6,couple,D6,44.582081886630355,1291.743408203125,0.0,1291.743408203125,1.0,1291.743408203125
BU90000002,car,couple_D6,couple,D6,97.51745971196225,1269.4014892578125,0.0,1269.4014892578125,1.0,1269.4014892578125
BU90000003,car,couple_D6,couple,D6,51.03808740628098,1278.222900390625,0.0,1278.222900390625,1.0,1278.222900390625
BU90000000,car,couple_D7,couple,D7,25.588804604078568,1126.7472534179688,0.0,1126.7472534179688,1.0,1126.7472534179688
BU90000001,car,couple_D7,couple,D7,30.741385060703028,1307.9628295898438,0.0,1307.9628295898438,1.0,1307.9628295898438
BU90000002,car,couple_D7,couple,D7,68.29602397616138,1294.7984008789062,0.0,1294.7984008789062,1.0,1294.7984008789062
BU90000003,car,couple_D7,couple,D7,39.28702382351413,1299.8028564453125,0.0,1299.8028564453125,1.0,1299.8028564453125
BU90000000,car,couple_D8,couple,D8,19.946258166396667,1467.1193542480469,0.0,1467.1193542480469,1.0,1467.1193542480469
BU90000001,car,couple_D8,couple,D8,25.714364325256966,1632.01708984375,0.0,1632.01708984375,1.0,1632.01708984375
BU90000002,car,couple_D8,couple,D8,45.084056739886,1572.8623046875,0.0,1572.8623046875,1.0,1572.8623046875
BU90000003,car,couple_D8,couple,D8,47.52045502897418,1568.5909423828125,0.0,1568.5909423828125,1.0,1568.5909423828125
BU90000000,car,couple_D9,couple,D9,16.956893637937096,1339.013671875,0.0,1339.013671875,1.0,1339.013671875
BU90000001,car,couple_D9,couple,D9,26.560181764495024,1528.0360107421875,0.0,1528.0360107421875,1.0,1528.0360107421875
BU90000002,car,couple_D9,couple,D9,53.94905571194141,1513.696533203125,0.0,1513.696533203125,1.0,1513.696533203125
BU90000003,car,couple_D9,couple,D9,34.62363945425395,1535.2779541015625,0.0,1535.2779541015625,1.0,1535.2779541015625
BU90000000,car,couple_D10,couple,D10,28.999706337355946,1145.9527893066406,0.0,1145.9527893066406,1.0,1145.9527893066406
BU90000001,car,couple_D10,couple,D10,29.322950969292773,1326.512451171875,0.0,1326.512451171875,1.0,1326.512451171875
BU90000002,car,couple_D10,couple,D10,53.76567436709796,1320.734130859375,0.0,1320.734130859375,1.0,1320.734130859375
BU90000003,car,couple_D10,couple,D10,54.65196096544442,1346.3728942871094,0.0,1346.3728942871094,1.0,1346.3728942871094
BU90000000,car,couple_children_D1,couple_children,D1,29.376641700699714,84.59754943847656,1.0,,1.0,84.59754943847656
BU90000001,car,couple_children_D1,couple_children,D1,60.76911850660235,12.03749942779541,1.0,,1.0,12.03749942779541
BU90000002,car,couple_children_D1,couple_children,D1,69.37157866846113,191.65764617919922,1.0,,1.0,191.65764617919922
BU90000003,car,couple_children_D1,couple_children,D1,86.07993331957192,33.566887855529785,1.0,,1.0,33.566887855529785
BU90000000,car,couple_children_D2,couple_children,D2,34.73930392417373,1043.1938781738281,0.0,1043.1938781738281,1.0,1043.1938781738281
BU90000001,car,couple_children_D2,couple_children,D2,59.97522042776354,1154.6138305664062,0.0,1154.6138305664062,1.0,1154.6138305664062
BU90000002,car,couple_children_D2,couple_children,D2,72.60304962800815,1083.56494140625,0.0,1083.56494140625,1.0,1083.56494140625
BU90000003,car,couple_children_D2,couple_children,D2,82.46335008929483,1041.7378540039062,0.0,1041.7378540039062,1.0,1041.7378540039062
BU90000000,car,couple_children_D3,couple_children,D3,57.47659566085926,1219.5542602539062,0.0,1219.5542602539062,1.0,1219.5542602539062
BU90000001,car,couple_children_D3,couple_children,D3,100.88285650436357,1376.7724609375,0.0,1376.7724609375,1.0,1376.7724609375
BU90000002,car,couple_children_D3,couple_children,D3,124.32426343155193,1340.123291015625,0.0,1340.123291015625,1.0,1340.123291015625
BU90000003,car,couple_children_D3,couple_children,D3,132.84422782635806,1335.4423828125,0.0,1335.4423828125,1.0,1335.4423828125
BU90000000,car,couple_children_D4,couple_children,D4,39.628555779459276,1008.8150024414062,0.0,1008.8150024414062,1.0,1008.8150024414062
BU90000001,car,couple_children_D4,couple_children,D4,76.19025740020437,1134.6766357421875,0.0,1134.6766357421875,1.0,1134.6766357421875
BU90000002,car,couple_children_D4,couple_children,D4,94.62826686410305,1089.562255859375,0.0,1089.562255859375,1.0,1089.562255859375
BU90000003,car,couple_children_D4,couple_children,D4,88.16161582833449,1089.8590698242188,0.0,1089.8590698242188,1.0,1089.8590698242188
BU90000000,car,couple_children_D5,couple_children,D5,15.986445989055309,1295.1398315429688,0.0,1295.1398315429688,1.0,1295.1398315429688
BU90000001,car,couple_children_D5,couple_children,D5,44.71538232998584,1483.0501708984375,0.0,1483.0501708984375,1.0,1483.0501708984375
BU90000002,car,couple_children_D5,couple_children,D5,35.6520101520501,1455.4426879882812,0.0,1455.4426879882812,1.0,1455.4426879882812
BU90000003,car,couple_children_D5,couple_children,D5,64.52295382327026,1465.3442993164062,0.0,1465.3442993164062,1.0,1465.3442993164062
BU90000000,car,couple_children_D6,couple_children,D6,49.58603059987202,1116.880859375,0.0,1116.880859375,1.0,1116.880859375
BU90000001,car,couple_children_D6,couple_children,D6,106.37778351543962,1291.743408203125,0.0,1291.743408203125,1.0,1291.743408203125
BU90000002,car,couple_children_D6,couple_children,D6,87.77933882558712,1269.4014892578125,0.0,1269.4014892578125,1.0,1269.4014892578125
BU90000003,car,couple_children_D6,couple_children,D6,165.18332645466373,1278.222900390625,0.0,1278.222900390625,1.0,1278.222900390625
BU90000000,car,couple_children_D7,couple_children,D7,41.66862602117751,1126.7472534179688,0.0,1126.7472534179688,1.0,1126.7472534179688
BU90000001,car,couple_children_D7,couple_children,D7,94.7762653681466,1307.9628295898438,0.0,1307.9628295898438,1.0,1307.9628295898438
BU90000002,car,couple_children_D7,couple_children,D7,83.06548227963847,1294.7984008789062,0.0,1294.7984008789062,1.0,1294.7984008789062
BU90000003,car,couple_children_D7,couple_children,D7,143.16969626882573,1299.8028564453125,0.0,1299.8028564453125,1.0,1299.8028564453125
BU90000000,car,couple_children_D8,couple_children,D8,20.147211021169948,1467.1193542480469,0.0,1467.1193542480469,1.0,1467.1193542480469
BU90000001,car,couple_children_D8,couple_children,D8,55.12261300483238,1632.01708984375,0.0,1632.01708984375,1.0,1632.01708984375
BU90000002,car,couple_children_D8,couple_children,D8,46.70571419024288,1572.8623046875,0.0,1572.8623046875,1.0,1572.8623046875
BU90000003,car,couple_children_D8,couple_children,D8,74.48039392143741,1568.5909423828125,0.0,1568.5909423828125,1.0,1568.5909423828125
BU90000000,car,couple_children_D9,couple_children,D9,22.55604757434494,1339.013671875,0.0,1339.013671875,1.0,1339.013671875
BU90000001,car,couple_children_D9,couple_children,D9,61.22062617835859,1528.0360107421875,0.0,1528.0360107421875,1.0,1528.0360107421875
BU90000002,car,couple_children_D9,couple_children,D9,56.09259148329346,1513.696533203125,0.0,1513.696533203125,1.0,1513.696533203125
BU90000003,car,couple_children_D9,couple_children,D9,71.38711773289697,1535.2779541015625,0.0,1535.2779541015625,1.0,1535.2779541015625
BU90000000,car,couple_children_D10,couple_children,D10,25.361719116354372,1145.9527893066406,0.0,1145.9527893066406,1.0,1145.9527893066406
BU90000001,car,couple_children_D10,couple_children,D10,74.29591910706093,1326.512451171875,0.0,1326.512451171875,1.0,1326.512451171875
BU90000002,car,couple_children_D10,couple_children,D10,62.16218239203208,1320.734130859375,0.0,1320.734130859375,1.0,1320.734130859375
BU90000003,car,couple_children_D10,couple_children,D10,106.99172435380113,1346.3728942871094,0.0,1346.3728942871094,1.0,1346.3728942871094
BU90000000,car,single_D1,single,D1,31.496715498298872,84.59754943847656,1.0,,1.0,84.59754943847656
BU90000001,car,single_D1,single,D1,25.51751179452624,12.03749942779541,1.0,,1.0,12.03749942779541
BU90000002,car,single_D1,single,D1,59.31750964165221,191.65764617919922,1.0,,1.0,191.65764617919922
BU90000003,car,single_D1,single,D1,45.21591101906815,33.566887855529785,1.0,,1.0,33.566887855529785
BU90000000,car,single_D2,single,D2,25.65545988018648,876.3956298828125,0.0,876.3956298828125,1.0,876.3956298828125
BU90000001,car,single_D2,single,D2,17.98959292066431,985.3768310546875,0.0,985.3768310546875,1.0,985.3768310546875
BU90000002,car,single_D2,single,D2,38.46471326551984,923.8098754882812,0.0,923.8098754882812,1.0,923.8098754882812
BU90000003,car,single_D2,single,D2,42.16145776532342,858.6800537109375,0.0,858.6800537109375,1.0,858.6800537109375
BU90000000,car,single_D3,single,D3,45.87271349165317,1223.67333984375,0.0,1223.67333984375,1.0,1223.67333984375
BU90000001,car,single_D3,single,D3,32.794460862723646,1381.1053466796875,0.0,1381.1053466796875,1.0,1381.1053466796875
BU90000002,car,single_D3,single,D3,73.53738084426,1344.2328491210938,0.0,1344.2328491210938,1.0,1344.2328491210938
BU90000003,car,single_D3,single,D3,68.83190246441035,1341.217529296875,0.0,1341.217529296875,1.0,1341.217529296875
BU90000000,car,single_D4,single,D4,44.2530549803968,1009.6011047363281,0.0,1009.6011047363281,1.0,1009.6011047363281
BU90000001,car,single_D4,single,D4,31.574423286664295,1135.5732421875,0.0,1135.5732421875,1.0,1135.5732421875
BU90000002,car,single_D4,single,D4,64.62635492034197,1090.3566284179688,0.0,1090.3566284179688,1.0,1090.3566284179688
BU90000003,car,single_D4,single,D4,74.26734357509181,1090.9573364257812,0.0,1090.9573364257812,1.0,1090.9573364257812
BU90000000,car,single_D5,single,D5,17.875894198148316,1295.1398315429688,0.0,1295.1398315429688,1.0,1295.1398315429688
BU90000001,car,single_D5,single,D5,18.954147357377906,1483.0501708984375,0.0,1483.0501708984375,1.0,1483.0501708984375
BU90000002,car,single_D5,single,D5,28.60377867852126,1455.4426879882812,0.0,1455.4426879882812,1.0,1455.4426879882812
BU90000003,car,single_D5,single,D5,40.59582164290218,1465.3442993164062,0.0,1465.3442993164062,1.0,1465.3442993164062
BU90000000,car,single_D6,single,D6,26.592477432945326,1116.8804931640625,0.0,1116.8804931640625,1.0,1116.8804931640625
BU90000001,car,single_D6,single,D6,29.337402882642078,1291.7431030273438,0.0,1291.7431030273438,1.0,1291.7431030273438
BU90000002,car,single_D6,single,D6,45.978644377382764,1269.4010620117188,0.0,1269.4010620117188,1.0,1269.4010620117188
BU90000003,car,single_D6,single,D6,62.46160164631121,1278.2215576171875,0.0,1278.2215576171875,1.0,1278.2215576171875
BU90000000,car,single_D7,single,D7,19.4872336843241,1126.7472534179688,0.0,1126.7472534179688,1.0,1126.7472534179688
BU90000001,car,single_D7,single,D7,20.545943235544833,1307.9628295898438,0.0,1307.9628295898438,1.0,1307.9628295898438
BU90000002,car,single_D7,single,D7,33.959802692487784,1294.7984008789062,0.0,1294.7984008789062,1.0,1294.7984008789062
BU90000003,car,single_D7,single,D7,44.300563349732805,1299.8028564453125,0.0,1299.8028564453125,1.0,1299.8028564453125
BU90000000,car,single_D8,single,D8,22.68092795360115,1467.1193542480469,0.0,1467.1193542480469,1.0,1467.1193542480469
BU90000001,car,single_D8,single,D8,26.16696344496428,1632.01708984375,0.0,1632.01708984375,1.0,1632.01708984375
BU90000002,car,single_D8,single,D8,44.24633365939832,1572.8623046875,0.0,1572.8623046875,1.0,1572.8623046875
BU90000003,car,single_D8,single,D8,45.47251277490623,1568.5909423828125,0.0,1568.5909423828125,1.0,1568.5909423828125
BU90000000,car,single_D9,single,D9,22.15097144878867,1339.013671875,0.0,1339.013671875,1.0,1339.013671875
BU90000001,car,single_D9,single,D9,22.06827033150604,1528.0360107421875,0.0,1528.0360107421875,1.0,1528.0360107421875
BU90000002,car,single_D9,single,D9,34.22084315745646,1513.696533203125,0.0,1513.696533203125,1.0,1513.696533203125
BU90000003,car,single_D9,single,D9,49.414264669740625,1535.2779541015625,0.0,1535.2779541015625,1.0,1535.2779541015625
BU90000000,car,single_D10,single,D10,22.712003302063184,1145.9527893066406,0.0,1145.9527893066406,1.0,1145.9527893066406
BU90000001,car,single_D10,single,D10,27.637609338239066,1326.512451171875,0.0,1326.512451171875,1.0,1326.512451171875
BU90000002,car,single_D10,single,D10,48.13220574881274,1320.734130859375,0.0,1320.734130859375,1.0,1320.734130859375
BU90000003,car,single_D10,single,D10,46.75471509957516,1346.3728942871094,0.0,1346.3728942871094,1.0,1346.3728942871094
BU90000000,car,single_parent_D1,single_parent,D1,1.5827899347725782,84.59754943847656,1.0,,1.0,84.59754943847656
BU90000001,car,single_parent_D1,single_parent,D1,2.661087217015315,12.03749942779541,1.0,,1.0,12.03749942779541
BU90000002,car,single_parent_D1,single_parent,D1,2.821608301708096,191.65764617919922,1.0,,1.0,191.65764617919922
BU90000003,car,single_parent_D1,single_parent,D1,4.360078084385516,33.566887855529785,1.0,,1.0,33.566887855529785
BU90000000,car,single_parent_D2,single_parent,D2,1.3039787027758944,1006.9019775390625,0.0,1006.9019775390625,1.0,1006.9019775390625
BU90000001,car,single_parent_D2,single_parent,D2,2.248182102244114,1119.4119262695312,0.0,1119.4119262695312,1.0,1119.4119262695312
BU90000002,car,single_parent_D2,single_parent,D2,2.6658808603174307,1049.0622253417969,0.0,1049.0622253417969,1.0,1049.0622253417969
BU90000003,car,single_parent_D2,single_parent,D2,3.0251285083218162,1000.448486328125,0.0,1000.448486328125,1.0,1000.448486328125
BU90000000,car,single_parent_D3,single_parent,D3,3.05539177579828,1213.2443237304688,0.0,1213.2443237304688,1.0,1213.2443237304688
BU90000001,car,single_parent_D3,single_parent,D3,4.966743553591047,1369.9002075195312,0.0,1369.9002075195312,1.0,1369.9002075195312
BU90000002,car,single_parent_D3,single_parent,D3,5.796377053995194,1333.646484375,0.0,1333.646484375,1.0,1333.646484375
BU90000003,car,single_parent_D3,single_parent,D3,7.0260220641891955,1325.7718505859375,0.0,1325.7718505859375,1.0,1325.7718505859375
BU90000000,car,single_parent_D4,single_parent,D4,1.3942490057682806,1008.616455078125,0.0,1008.616455078125,1.0,1008.616455078125
BU90000001,car,single_parent_D4,single_parent,D4,2.9795754868347863,1134.4551391601562,0.0,1134.4551391601562,1.0,1134.4551391601562
BU90000002,car,single_parent_D4,single_parent,D4,3.268943033216806,1089.3782958984375,0.0,1089.3782958984375,1.0,1089.3782958984375
BU90000003,car,single_parent_D4,single_parent,D4,4.145408954260993,1089.6178588867188,0.0,1089.6178588867188,1.0,1089.6178588867188
BU90000000,car,single_parent_D5,single_parent,D5,0.45963864194647175,1295.1398315429688,0.0,1295.1398315429688,1.0,1295.1398315429688
BU90000001,car,single_parent_D5,single_parent,D5,1.3361577315762598,1483.0501708984375,0.0,1483.0501708984375,1.0,1483.0501708984375
BU90000002,car,single_parent_D5,single_parent,D5,1.1175070272003336,1455.4426879882812,0.0,1455.4426879882812,1.0,1455.4426879882812
BU90000003,car,single_parent_D5,single_parent,D5,1.604026891816704,1465.3442993164062,0.0,1465.3442993164062,1.0,1465.3442993164062
BU90000000,car,single_parent_D6,single_parent,D6,0.885014063070185,1116.880859375,0.0,1116.880859375,1.0,1116.880859375
BU90000001,car,single_parent_D6,single_parent,D6,2.697275272330265,1291.743408203125,0.0,1291.743408203125,1.0,1291.743408203125
BU90000002,car,single_parent_D6,single_parent,D6,2.009875280938168,1269.4014892578125,0.0,1269.4014892578125,1.0,1269.4014892578125
BU90000003,car,single_parent_D6,single_parent,D6,4.525541773888037,1278.222900390625,0.0,1278.222900390625,1.0,1278.222900390625
BU90000000,car,single_parent_D7,single_parent,D7,1.2574993880752174,1126.7472534179688,0.0,1126.7472534179688,1.0,1126.7472534179688
BU90000001,car,single_parent_D7,single_parent,D7,3.0843586478092093,1307.9628295898438,0.0,1307.9628295898438,1.0,1307.9628295898438
BU90000002,car,single_parent_D7,single_parent,D7,3.39306846448699,1294.7984008789062,0.0,1294.7984008789062,1.0,1294.7984008789062
BU90000003,car,single_parent_D7,single_parent,D7,2.5731868235695172,1299.8028564453125,0.0,1299.8028564453125,1.0,1299.8028564453125
BU90000000,car,single_parent_D8,single_parent,D8,0.81683742052697,1467.1193542480469,0.0,1467.1193542480469,1.0,1467.1193542480469
BU90000001,car,single_parent_D8,single_parent,D8,2.1727291176651127,1632.01708984375,0.0,1632.01708984375,1.0,1632.01708984375
BU90000002,car,single_parent_D8,single_parent,D8,1.8100508640272066,1572.8623046875,0.0,1572.8623046875,1.0,1572.8623046875
BU90000003,car,single_parent_D8,single_parent,D8,2.867209804777533,1568.5909423828125,0.0,1568.5909423828125,1.0,1568.5909423828125
BU90000000,car,single_parent_D9,single_parent,D9,0.4119373675784581,1339.013671875,0.0,1339.013671875,1.0,1339.013671875
BU90000001,car,single_parent_D9,single_parent,D9,1.6927833057310133,1528.0360107421875,0.0,1528.0360107421875,1.0,1528.0360107421875
BU90000002,car,single_parent_D9,single_parent,D9,1.34292533199686,1513.696533203125,0.0,1513.696533203125,1.0,1513.696533203125
BU90000003,car,single_parent_D9,single_parent,D9,2.3081719561312535,1535.2779541015625,0.0,1535.2779541015625,1.0,1535.2779541015625
BU90000000,car,single_parent_D10,single_parent,D10,0.622112528441143,1145.9527893066406,0.0,1145.9527893066406,1.0,1145.9527893066406
BU90000001,car,single_parent_D10,single_parent,D10,1.8865166302826988,1326.512451171875,0.0,1326.512451171875,1.0,1326.512451171875
BU90000002,car,single_parent_D10,single_parent,D10,1.431154642415218,1320.734130859375,0.0,1320.734130859375,1.0,1320.734130859375
BU90000003,car,single_parent_D10,single_parent,D10,3.13335625277952,1346.3728942871094,0.0,1346.3728942871094,1.0,1346.3728942871094
BU90000000,bike,couple_D1,couple,D1,51.64164067726906,119.09150695800781,0.0,119.09150695800781,1.0,119.09150695800781
BU90000001,bike,couple_D1,couple,D1,34.665027173969,264.48963165283203,0.0,264.48963165283203,1.0,264.48963165283203
BU90000002,bike,couple_D1,couple,D1,85.16249890106317,386.41259765625,0.0,386.41259765625,1.0,386.41259765625
BU90000003,bike,couple_D1,couple,D1,67.14653133067465,249.54732513427734,0.0,249.54732513427734,1.0,249.54732513427734
BU90000000,bike,couple_D2,couple,D2,31.903068408204604,162.77052307128906,0.0,162.77052307128906,1.0,162.77052307128906
BU90000001,bike,couple_D2,couple,D2,24.128854028357484,210.27273559570312,0.0,210.27273559570312,1.0,210.27273559570312
BU90000002,bike,couple_D2,couple,D2,72.15951957741258,245.61141967773438,0.0,245.61141967773438,1.0,245.61141967773438
BU90000003,bike,couple_D2,couple,D2,31.063173272495035,182.20514678955078,0.0,182.20514678955078,1.0,182.20514678955078
BU90000000,bike,couple_D3,couple,D3,65.70771257084346,223.78646850585938,0.0,223.78646850585938,1.0,223.78646850585938
BU90000001,bike,couple_D3,couple,D3,50.78174074709444,374.7015380859375,0.0,374.7015380859375,1.0,374.7015380859375
BU90000002,bike,couple_D3,couple,D3,134.07011556796445,376.3588409423828,0.0,376.3588409423828,1.0,376.3588409423828
BU90000003,bike,couple_D3,couple,D3,85.98795267620596,269.27650451660156,0.0,269.27650451660156,1.0,269.27650451660156
BU90000000,bike,couple_D4,couple,D4,50.86299102894572,144.9017333984375,0.0,144.9017333984375,1.0,144.9017333984375
BU90000001,bike,couple_D4,couple,D4,41.565869321264636,166.31179809570312,0.0,166.31179809570312,1.0,166.31179809570312
BU90000002,bike,couple_D4,couple,D4,116.14015208736016,214.8430633544922,0.0,214.8430633544922,1.0,214.8430633544922
BU90000003,bike,couple_D4,couple,D4,55.90572537247264,205.27093505859375,0.0,205.27093505859375,1.0,205.27093505859375
BU90000000,bike,couple_D5,couple,D5,13.779295755461009,233.1766128540039,0.0,233.1766128540039,1.0,233.1766128540039
BU90000001,bike,couple_D5,couple,D5,20.299767836882772,394.4581298828125,0.0,394.4581298828125,1.0,394.4581298828125
BU90000002,bike,couple_D5,couple,D5,44.726007567689905,407.19068908691406,0.0,407.19068908691406,1.0,407.19068908691406
BU90000003,bike,couple_D5,couple,D5,20.446885890907733,316.8340148925781,0.0,316.8340148925781,1.0,316.8340148925781
BU90000000,bike,couple_D6,couple,D6,33.51955071365908,218.74689483642578,0.0,218.74689483642578,1.0,218.74689483642578
BU90000001,bike,couple_D6,couple,D6,44.582081886630355,409.18414306640625,0.0,409.18414306640625,1.0,409.18414306640625
BU90000002,bike,couple_D6,couple,D6,97.51745971196225,435.4590148925781,0.0,435.4590148925781,1.0,435.4590148925781
BU90000003,bike,couple_D6,couple,D6,51.03808740628098,274.47361755371094,0.0,274.47361755371094,1.0,274.47361755371094
BU90000000,bike,couple_D7,couple,D7,25.588804604078568,173.6787338256836,0.0,173.6787338256836,1.0,173.6787338256836
BU90000001,bike,couple_D7,couple,D7,30.741385060703028,337.1213684082031,0.0,337.1213684082031,1.0,337.1213684082031
BU90000002,bike,couple_D7,couple,D7,68.29602397616138,411.08775329589844,0.0,411.08775329589844,1.0,411.08775329589844
BU90000003,bike,couple_D7,couple,D7,39.28702382351413,300.27638244628906,0.0,300.27638244628906,1.0,300.27638244628906
BU90000000,bike,couple_D8,couple,D8,19.946258166396667,279.89810943603516,0.0,279.89810943603516,1.0,279.89810943603516
BU90000001,bike,couple_D8,couple,D8,25.714364325256966,392.11399841308594,0.0,392.11399841308594,1.0,392.11399841308594
BU90000002,bike,couple_D8,couple,D8,45.084056739886,346.9608459472656,0.0,346.9608459472656,1.0,346.9608459472656
BU90000003,bike,couple_D8,couple,D8,47.52045502897418,212.69985580444336,0.0,212.69985580444336,1.0,212.69985580444336
BU90000000,bike,couple_D9,couple,D9,16.956893637937096,262.1406478881836,0.0,262.1406478881836,1.0,262.1406478881836
BU90000001,bike,couple_D9,couple,D9,26.560181764495024,348.9936828613281,0.0,348.9936828613281,1.0,348.9936828613281
BU90000002,bike,couple_D9,couple,D9,53.94905571194141,339.4920654296875,0.0,339.4920654296875,1.0,339.4920654296875
BU90000003,bike,couple_D9,couple,D9,34.62363945425395,256.0825958251953,0.0,256.0825958251953,1.0,256.0825958251953
BU90000000,bike,couple_D10,couple,D10,28.999706337355946,109.54264450073242,0.0,109.54264450073242,1.0,109.54264450073242
BU90000001,bike,couple_D10,couple,D10,29.322950969292773,265.7353515625,0.0,265.7353515625,1.0,265.7353515625
BU90000002,bike,couple_D10,couple,D10,53.76567436709796,380.8611602783203,0.0,380.8611602783203,1.0,380.8611602783203
BU90000003,bike,couple_D10,couple,D10,54.65196096544442,278.8415222167969,0.0,278.8415222167969,1.0,278.8415222167969
BU90000000,bike,couple_children_D1,couple_children,D1,29.376641700699714,119.09150695800781,0.0,119.09150695800781,1.0,119.09150695800781
BU90000001,bike,couple_children_D1,couple_children,D1,60.76911850660235,264.48963165283203,0.0,264.48963165283203,1.0,264.48963165283203
BU90000002,bike,couple_children_D1,couple_children,D1,69.37157866846113,386.41259765625,0.0,386.41259765625,1.0,386.41259765625
BU90000003,bike,couple_children_D1,couple_children,D1,86.07993331957192,249.54732513427734,0.0,249.54732513427734,1.0,249.54732513427734
BU90000000,bike,couple_children_D2,couple_children,D2,34.73930392417373,162.77052307128906,0.0,162.77052307128906,1.0,162.77052307128906
BU90000001,bike,couple_children_D2,couple_children,D2,59.97522042776354,210.27273559570312,0.0,210.27273559570312,1.0,210.27273559570312
BU90000002,bike,couple_children_D2,couple_children,D2,72.60304962800815,245.61141967773438,0.0,245.61141967773438,1.0,245.61141967773438
BU90000003,bike,couple_children_D2,couple_children,D2,82.46335008929483,182.20514678955078,0.0,182.20514678955078,1.0,182.20514678955078
BU90000000,bike,couple_children_D3,couple_children,D3,57.47659566085926,223.78646850585938,0.0,223.78646850585938,1.0,223.78646850585938
BU90000001,bike,couple_children_D3,couple_children,D3,100.88285650436357,374.7015380859375,0.0,374.7015380859375,1.0,374.7015380859375
BU90000002,bike,couple_children_D3,couple_children,D3,124.32426343155193,376.3588409423828,0.0,376.3588409423828,1.0,376.3588409423828
BU90000003,bike,couple_children_D3,couple_children,D3,132.84422782635806,269.27650451660156,0.0,269.27650451660156,1.0,269.27650451660156
BU90000000,bike,couple_children_D4,couple_children,D4,39.628555779459276,144.9017333984375,0.0,144.9017333984375,1.0,144.9017333984375
BU90000001,bike,couple_children_D4,couple_children,D4,76.19025740020437,166.31179809570312,0.0,166.31179809570312,1.0,166.31179809570312
BU90000002,bike,couple_children_D4,couple_children,D4,94.62826686410305,214.8430633544922,0.0,214.8430633544922,1.0,214.8430633544922
BU90000003,bike,couple_children_D4,couple_children,D4,88.16161582833449,205.27093505859375,0.0,205.27093505859375,1.0,205.27093505859375
BU90000000,bike,couple_children_D5,couple_children,D5,15.986445989055309,233.1766128540039,0.0,233.1766128540039,1.0,233.1766128540039
BU90000001,bike,couple_children_D5,couple_children,D5,44.71538232998584,394.4581298828125,0.0,394.4581298828125,1.0,394.4581298828125
BU90000002,bike,couple_children_D5,couple_children,D5,35.6520101520501,407.19068908691406,0.0,407.19068908691406,1.0,407.19068908691406
BU90000003,bike,couple_children_D5,couple_children,D5,64.52295382327026,316.8340148925781,0.0,316.8340148925781,1.0,316.8340148925781
BU90000000,bike,couple_children_D6,couple_children,D6,49.58603059987202,218.74689483642578,0.0,218.74689483642578,1.0,218.74689483642578
BU90000001,bike,couple_children_D6,couple_children,D6,106.37778351543962,409.18414306640625,0.0,409.18414306640625,1.0,409.18414306640625
BU90000002,bike,couple_children_D6,couple_children,D6,87.77933882558712,435.4590148925781,0.0,435.4590148925781,1.0,435.4590148925781
BU90000003,bike,couple_children_D6,couple_children,D6,165.18332645466373,274.47361755371094,0.0,274.47361755371094,1.0,274.47361755371094
BU90000000,bike,couple_children_D7,couple_children,D7,41.66862602117751,173.6787338256836,0.0,173.6787338256836,1.0,173.6787338256836
BU90000001,bike,couple_children_D7,couple_children,D7,94.7762653681466,337.1213684082031,0.0,337.1213684082031,1.0,337.1213684082031
BU90000002,bike,couple_children_D7,couple_children,D7,83.06548227963847,411.08775329589844,0.0,411.08775329589844,1.0,411.08775329589844
BU90000003,bike,couple_children_D7,couple_children,D7,143.16969626882573,300.27638244628906,0.0,300.27638244628906,1.0,300.27638244628906
BU90000000,bike,couple_children_D8,couple_children,D8,20.147211021169948,279.89810943603516,0.0,279.89810943603516,1.0,279.89810943603516
BU90000001,bike,couple_children_D8,couple_children,D8,55.12261300483238,392.11399841308594,0.0,392.11399841308594,1.0,392.11399841308594
BU90000002,bike,couple_children_D8,couple_children,D8,46.70571419024288,346.9608459472656,0.0,346.9608459472656,1.0,346.9608459472656
BU90000003,bike,couple_children_D8,couple_children,D8,74.48039392143741,212.69985580444336,0.0,212.69985580444336,1.0,212.69985580444336
BU90000000,bike,couple_children_D9,couple_children,D9,22.55604757434494,262.1406478881836,0.0,262.1406478881836,1.0,262.1406478881836
BU90000001,bike,couple_children_D9,couple_children,D9,61.22062617835859,348.9936828613281,0.0,348.9936828613281,1.0,348.9936828613281
BU90000002,bike,couple_children_D9,couple_children,D9,56.09259148329346,339.4920654296875,0.0,339.4920654296875,1.0,339.4920654296875
BU90000003,bike,couple_children_D9,couple_children,D9,71.38711773289697,256.0825958251953,0.0,256.0825958251953,1.0,256.0825958251953
BU90000000,bike,couple_children_D10,couple_children,D10,25.361719116354372,109.54264450073242,0.0,109.54264450073242,1.0,109.54264450073242
BU90000001,bike,couple_children_D10,couple_children,D10,74.29591910706093,265.7353515625,0.0,265.7353515625,1.0,265.7353515625
BU90000002,bike,couple_children_D10,couple_children,D10,62.16218239203208,380.8611602783203,0.0,380.8611602783203,1.0,380.8611602783203
BU90000003,bike,couple_children_D10,couple_children,D10,106.99172435380113,278.8415222167969,0.0,278.8415222167969,1.0,278.8415222167969
BU90000000,bike,single_D1,single,D1,31.496715498298872,119.09150695800781,0.0,119.09150695800781,1.0,119.09150695800781
BU90000001,bike,single_D1,single,D1,25.51751179452624,264.48963165283203,0.0,264.48963165283203,1.0,264.48963165283203
BU90000002,bike,single_D1,single,D1,59.31750964165221,386.41259765625,0.0,386.41259765625,1.0,386.41259765625
BU90000003,bike,single_D1,single,D1,45.21591101906815,249.54732513427734,0.0,249.54732513427734,1.0,249.54732513427734
BU90000000,bike,single_D2,single,D2,25.65545988018648,162.77052307128906,0.0,162.77052307128906,1.0,162.77052307128906
BU90000001,bike,single_D2,single,D2,17.98959292066431,210.27273559570312,0.0,210.27273559570312,1.0,210.27273559570312
BU90000002,bike,single_D2,single,D2,38.46471326551984,245.61141967773438,0.0,245.61141967773438,1.0,245.61141967773438
BU90000003,bike,single_D2,single,D2,42.16145776532342,182.20514678955078,0.0,182.20514678955078,1.0,182.20514678955078
BU90000000,bike,single_D3,single,D3,45.87271349165317,223.78646850585938,0.0,223.78646850585938,1.0,223.78646850585938
BU90000001,bike,single_D3,single,D3,32.794460862723646,374.7015380859375,0.0,374.7015380859375,1.0,374.7015380859375
BU90000002,bike,single_D3,single,D3,73.53738084426,376.3588409423828,0.0,376.3588409423828,1.0,376.3588409423828
BU90000003,bike,single_D3,single,D3,68.83190246441035,269.27650451660156,0.0,269.27650451660156,1.0,269.27650451660156
BU90000000,bike,single_D4,single,D4,44.2530549803968,144.9017333984375,0.0,144.9017333984375,1.0,144.9017333984375
BU90000001,bike,single_D4,single,D4,31.574423286664295,166.31179809570312,0.0,166.31179809570312,1.0,166.31179809570312
BU90000002,bike,single_D4,single,D4,64.62635492034197,214.8430633544922,0.0,214.8430633544922,1.0,214.8430633544922
BU90000003,bike,single_D4,single,D4,74.26734357509181,205.27093505859375,0.0,205.27093505859375,1.0,205.27093505859375
BU90000000,bike,single_D5,single,D5,17.875894198148316,233.1766128540039,0.0,233.1766128540039,1.0,233.1766128540039
BU90000001,bike,single_D5,single,D5,18.954147357377906,394.4581298828125,0.0,394.4581298828125,1.0,394.4581298828125
BU90000002,bike,single_D5,single,D5,28.60377867852126,407.19068908691406,0.0,407.19068908691406,1.0,407.19068908691406
BU90000003,bike,single_D5,single,D5,40.59582164290218,316.8340148925781,0.0,316.8340148925781,1.0,316.8340148925781
BU90000000,bike,single_D6,single,D6,26.592477432945326,218.74689483642578,0.0,218.74689483642578,1.0,218.74689483642578
BU90000001,bike,single_D6,single,D6,29.337402882642078,409.18414306640625,0.0,409.18414306640625,1.0,409.18414306640625
BU90000002,bike,single_D6,single,D6,45.978644377382764,435.4590148925781,0.0,435.4590148925781,1.0,435.4590148925781
BU90000003,bike,single_D6,single,D6,62.46160164631121,274.47361755371094,0.0,274.47361755371094,1.0,274.47361755371094
BU90000000,bike,single_D7,single,D7,19.4872336843241,173.6787338256836,0.0,173.6787338256836,1.0,173.6787338256836
BU90000001,bike,single_D7,single,D7,20.545943235544833,337.1213684082031,0.0,337.1213684082031,1.0,337.1213684082031
BU90000002,bike,single_D7,single,D7,33.959802692487784,411.08775329589844,0.0,411.08775329589844,1.0,411.08775329589844
BU90000003,bike,single_D7,single,D7,44.300563349732805,300.27638244628906,0.0,300.27638244628906,1.0,300.27638244628906
BU90000000,bike,single_D8,single,D8,22.68092795360115,279.89810943603516,0.0,279.89810943603516,1.0,279.89810943603516
BU90000001,bike,single_D8,single,D8,26.16696344496428,392.11399841308594,0.0,392.11399841308594,1.0,392.11399841308594
BU90000002,bike,single_D8,single,D8,44.24633365939832,346.9608459472656,0.0,346.9608459472656,1.0,346.9608459472656
BU90000003,bike,single_D8,single,D8,45.47251277490623,212.69985580444336,0.0,212.69985580444336,1.0,212.69985580444336
BU90000000,bike,single_D9,single,D9,22.15097144878867,262.1406478881836,0.0,262.1406478881836,1.0,262.1406478881836
BU90000001,bike,single_D9,single,D9,22.06827033150604,348.9936828613281,0.0,348.9936828613281,1.0,348.9936828613281
BU90000002,bike,single_D9,single,D9,34.22084315745646,339.4920654296875,0.0,339.4920654296875,1.0,339.4920654296875
BU90000003,bike,single_D9,single,D9,49.414264669740625,256.0825958251953,0.0,256.0825958251953,1.0,256.0825958251953
BU90000000,bike,single_D10,single,D10,22.712003302063184,109.54264450073242,0.0,109.54264450073242,1.0,109.54264450073242
BU90000001,bike,single_D10,single,D10,27.637609338239066,265.7353515625,0.0,265.7353515625,1.0,265.7353515625
BU90000002,bike,single_D10,single,D10,48.13220574881274,380.8611602783203,0.0,380.8611602783203,1.0,380.8611602783203
BU90000003,bike,single_D10,single,D10,46.75471509957516,278.8415222167969,0.0,278.8415222167969,1.0,278.8415222167969
BU90000000,bike,single_parent_D1,single_parent,D1,1.5827899347725782,119.09150695800781,0.0,119.09150695800781,1.0,119.09150695800781
BU90000001,bike,single_parent_D1,single_parent,D1,2.661087217015315,264.48963165283203,0.0,264.48963165283203,1.0,264.48963165283203
BU90000002,bike,single_parent_D1,single_parent,D1,2.821608301708096,386.41259765625,0.0,386.41259765625,1.0,386.41259765625
BU90000003,bike,single_parent_D1,single_parent,D1,4.360078084385516,249.54732513427734,0.0,249.54732513427734,1.0,249.54732513427734
BU90000000,bike,single_parent_D2,single_parent,D2,1.3039787027758944,162.77052307128906,0.0,162.77052307128906,1.0,162.77052307128906
BU90000001,bike,single_parent_D2,single_parent,D2,2.248182102244114,210.27273559570312,0.0,210.27273559570312,1.0,210.27273559570312
BU90000002,bike,single_parent_D2,single_parent,D2,2.6658808603174307,245.61141967773438,0.0,245.61141967773438,1.0,245.61141967773438
BU90000003,bike,single_parent_D2,single_parent,D2,3.0251285083218162,182.20514678955078,0.0,182.20514678955078,1.0,182.20514678955078
BU90000000,bike,single_parent_D3,single_parent,D3,3.05539177579828,223.78646850585938,0.0,223.78646850585938,1.0,223.78646850585938
BU90000001,bike,single_parent_D3,single_parent,D3,4.966743553591047,374.7015380859375,0.0,374.7015380859375,1.0,374.7015380859375
BU90000002,bike,single_parent_D3,single_parent,D3,5.796377053995194,376.3588409423828,0.0,376.3588409423828,1.0,376.3588409423828
BU90000003,bike,single_parent_D3,single_parent,D3,7.0260220641891955,269.27650451660156,0.0,269.27650451660156,1.0,269.27650451660156
BU90000000,bike,single_parent_D4,single_parent,D4,1.3942490057682806,144.9017333984375,0.0,144.9017333984375,1.0,144.9017333984375
BU90000001,bike,single_parent_D4,single_parent,D4,2.9795754868347863,166.31179809570312,0.0,166.31179809570312,1.0,166.31179809570312
BU90000002,bike,single_parent_D4,single_parent,D4,3.268943033216806,214.8430633544922,0.0,214.8430633544922,1.0,214.8430633544922
BU90000003,bike,single_parent_D4,single_parent,D4,4.145408954260993,205.27093505859375,0.0,205.27093505859375,1.0,205.27093505859375
BU90000000,bike,single_parent_D5,single_parent,D5,0.45963864194647175,233.1766128540039,0.0,233.1766128540039,1.0,233.1766128540039
BU90000001,bike,single_parent_D5,single_parent,D5,1.3361577315762598,394.4581298828125,0.0,394.4581298828125,1.0,394.4581298828125
BU90000002,bike,single_parent_D5,single_parent,D5,1.1175070272003336,407.19068908691406,0.0,407.19068908691406,1.0,407.19068908691406
BU90000003,bike,single_parent_D5,single_parent,D5,1.604026891816704,316.8340148925781,0.0,316.8340148925781,1.0,316.8340148925781
BU90000000,bike,single_parent_D6,single_parent,D6,0.885014063070185,218.74689483642578,0.0,218.74689483642578,1.0,218.74689483642578
BU90000001,bike,single_parent_D6,single_parent,D6,2.697275272330265,409.18414306640625,0.0,409.18414306640625,1.0,409.18414306640625
BU90000002,bike,single_parent_D6,single_parent,D6,2.009875280938168,435.4590148925781,0.0,435.4590148925781,1.0,435.4590148925781
BU90000003,bike,single_parent_D6,single_parent,D6,4.525541773888037,274.47361755371094,0.0,274.47361755371094,1.0,274.47361755371094
BU90000000,bike,single_parent_D7,single_parent,D7,1.2574993880752174,173.6787338256836,0.0,173.6787338256836,1.0,173.6787338256836
BU90000001,bike,single_parent_D7,single_parent,D7,3.0843586478092093,337.1213684082031,0.0,337.1213684082031,1.0,337.1213684082031
BU90000002,bike,single_parent_D7,single_parent,D7,3.39306846448699,411.08775329589844,0.0,411.08775329589844,1.0,411.08775329589844
BU90000003,bike,single_parent_D7,single_parent,D7,2.5731868235695172,300.27638244628906,0.0,300.27638244628906,1.0,300.27638244628906
BU90000000,bike,single_parent_D8,single_parent,D8,0.81683742052697,279.89810943603516,0.0,279.89810943603516,1.0,279.89810943603516
BU90000001,bike,single_parent_D8,single_parent,D8,2.1727291176651127,392.11399841308594,0.0,392.11399841308594,1.0,392.11399841308594
BU90000002,bike,single_parent_D8,single_parent,D8,1.8100508640272066,346.9608459472656,0.0,346.9608459472656,1.0,346.9608459472656
BU90000003,bike,single_parent_D8,single_parent,D8,2.867209804777533,212.69985580444336,0.0,212.69985580444336,1.0,212.69985580444336
BU90000000,bike,single_parent_D9,single_parent,D9,0.4119373675784581,262.1406478881836,0.0,262.1406478881836,1.0,262.1406478881836
BU90000001,bike,single_parent_D9,single_parent,D9,1.6927833057310133,348.9936828613281,0.0,348.9936828613281,1.0,348.9936828613281
BU90000002,bike,single_parent_D9,single_parent,D9,1.34292533199686,339.4920654296875,0.0,339.4920654296875,1.0,339.4920654296875
BU90000003,bike,single_parent_D9,single_parent,D9,2.3081719561312535,256.0825958251953,0.0,256.0825958251953,1.0,256.0825958251953
BU90000000,bike,single_parent_D10,single_parent,D10,0.622112528441143,109.54264450073242,0.0,109.54264450073242,1.0,109.54264450073242
BU90000001,bike,single_parent_D10,single_parent,D10,1.8865166302826988,265.7353515625,0.0,265.7353515625,1.0,265.7353515625
BU90000002,bike,single_parent_D10,single_parent,D10,1.431154642415218,380.8611602783203,0.0,380.8611602783203,1.0,380.8611602783203
BU90000003,bike,single_parent_D10,single_parent,D10,3.13335625277952,278.8415222167969,0.0,278.8415222167969,1.0,278.8415222167969
BU90000000,pt,couple_D1,couple,D1,51.64164067726906,0.0,1.0,,1.0,0.0
BU90000001,pt,couple_D1,couple,D1,34.665027173969,0.0,1.0,,1.0,0.0
BU90000002,pt,couple_D1,couple,D1,85.16249890106317,0.0,1.0,,1.0,0.0
BU90000003,pt,couple_D1,couple,D1,67.14653133067465,0.0,1.0,,1.0,0.0
BU90000000,pt,couple_D2,couple,D2,31.903068408204604,532.9252319335938,0.0,532.9252319335938,1.0,532.9252319335938
BU90000001,pt,couple_D2,couple,D2,24.128854028357484,659.7256164550781,0.0,659.7256164550781,1.0,659.7256164550781
BU90000002,pt,couple_D2,couple,D2,72.15951957741258,617.808349609375,0.0,617.808349609375,1.0,617.808349609375
BU90000003,pt,couple_D2,couple,D2,31.063173272495035,496.04742431640625,0.0,496.04742431640625,1.0,496.04742431640625
BU90000000,pt,couple_D3,couple,D3,65.70771257084346,926.1932373046875,0.0,926.1932373046875,1.0,926.1932373046875
BU90000001,pt,couple_D3,couple,D3,50.78174074709444,1073.1458129882812,0.0,1073.1458129882812,1.0,1073.1458129882812
BU90000002,pt,couple_D3,couple,D3,134.07011556796445,1091.004150390625,0.0,1091.004150390625,1.0,1091.004150390625
BU90000003,pt,couple_D3,couple,D3,85.98795267620596,958.8072814941406,0.0,958.8072814941406,1.0,958.8072814941406
BU90000000,pt,couple_D4,couple,D4,50.86299102894572,791.3217163085938,0.0,791.3217163085938,1.0,791.3217163085938
BU90000001,pt,couple_D4,couple,D4,41.565869321264636,889.2383117675781,0.0,889.2383117675781,1.0,889.2383117675781
BU90000002,pt,couple_D4,couple,D4,116.14015208736016,876.3735961914062,0.0,876.3735961914062,1.0,876.3735961914062
BU90000003,pt,couple_D4,couple,D4,55.90572537247264,756.3104858398438,0.0,756.3104858398438,1.0,756.3104858398438
BU90000000,pt,couple_D5,couple,D5,13.779295755461009,1071.42138671875,0.0,1071.42138671875,1.0,1071.42138671875
BU90000001,pt,couple_D5,couple,D5,20.299767836882772,1231.6417846679688,0.0,1231.6417846679688,1.0,1231.6417846679688
BU90000002,pt,couple_D5,couple,D5,44.726007567689905,1253.6007690429688,0.0,1253.6007690429688,1.0,1253.6007690429688
BU90000003,pt,couple_D5,couple,D5,20.446885890907733,1132.2384033203125,0.0,1132.2384033203125,1.0,1132.2384033203125
BU90000000,pt,couple_D6,couple,D6,33.51955071365908,887.585205078125,0.0,887.585205078125,1.0,887.585205078125
BU90000001,pt,couple_D6,couple,D6,44.582081886630355,1031.4928283691406,0.0,1031.4928283691406,1.0,1031.4928283691406
BU90000002,pt,couple_D6,couple,D6,97.51745971196225,1054.1603393554688,0.0,1054.1603393554688,1.0,1054.1603393554688
BU90000003,pt,couple_D6,couple,D6,51.03808740628098,950.621337890625,0.0,950.621337890625,1.0,950.621337890625
BU90000000,pt,couple_D7,couple,D7,25.588804604078568,932.8769836425781,0.0,932.8769836425781,1.0,932.8769836425781
BU90000001,pt,couple_D7,couple,D7,30.741385060703028,1093.6476135253906,0.0,1093.6476135253906,1.0,1093.6476135253906
BU90000002,pt,couple_D7,couple,D7,68.29602397616138,1128.1080627441406,0.0,1128.1080627441406,1.0,1128.1080627441406
BU90000003,pt,couple_D7,couple,D7,39.28702382351413,1026.147216796875,0.0,1026.147216796875,1.0,1026.147216796875
BU90000000,pt,couple_D8,couple,D8,19.946258166396667,1175.7509155273438,0.0,1175.7509155273438,1.0,1175.7509155273438
BU90000001,pt,couple_D8,couple,D8,25.714364325256966,1303.1590270996094,0.0,1303.1590270996094,1.0,1303.1590270996094
BU90000002,pt,couple_D8,couple,D8,45.084056739886,1287.12646484375,0.0,1287.12646484375,1.0,1287.12646484375
BU90000003,pt,couple_D8,couple,D8,47.52045502897418,1130.306884765625,0.0,1130.306884765625,1.0,1130.306884765625
BU90000000,pt,couple_D9,couple,D9,16.956893637937096,1047.1398315429688,0.0,1047.1398315429688,1.0,1047.1398315429688
BU90000001,pt,couple_D9,couple,D9,26.560181764495024,1212.272216796875,0.0,1212.272216796875,1.0,1212.272216796875
BU90000002,pt,couple_D9,couple,D9,53.94905571194141,1250.9993591308594,0.0,1250.9993591308594,1.0,1250.9993591308594
BU90000003,pt,couple_D9,couple,D9,34.62363945425395,1148.5480346679688,0.0,1148.5480346679688,1.0,1148.5480346679688
BU90000000,pt,couple_D10,couple,D10,28.999706337355946,888.6927185058594,0.0,888.6927185058594,1.0,888.6927185058594
BU90000001,pt,couple_D10,couple,D10,29.322950969292773,1037.4915771484375,0.0,1037.4915771484375,1.0,1037.4915771484375
BU90000002,pt,couple_D10,couple,D10,53.76567436709796,1071.68115234375,0.0,1071.68115234375,1.0,1071.68115234375
BU90000003,pt,couple_D10,couple,D10,54.65196096544442,982.3943176269531,0.0,982.3943176269531,1.0,982.3943176269531
BU90000000,pt,couple_children_D1,couple_children,D1,29.376641700699714,0.0,1.0,,1.0,0.0
BU90000001,pt,couple_children_D1,couple_children,D1,60.76911850660235,0.0,1.0,,1.0,0.0
BU90000002,pt,couple_children_D1,couple_children,D1,69.37157866846113,0.0,1.0,,1.0,0.0
BU90000003,pt,couple_children_D1,couple_children,D1,86.07993331957192,0.0,1.0,,1.0,0.0
BU90000000,pt,couple_children_D2,couple_children,D2,34.73930392417373,735.4119262695312,0.0,735.4119262695312,1.0,735.4119262695312
BU90000001,pt,couple_children_D2,couple_children,D2,59.97522042776354,829.0859375,0.0,829.0859375,1.0,829.0859375
BU90000002,pt,couple_children_D2,couple_children,D2,72.60304962800815,792.1190795898438,0.0,792.1190795898438,1.0,792.1190795898438
BU90000003,pt,couple_children_D2,couple_children,D2,82.46335008929483,658.8194885253906,0.0,658.8194885253906,1.0,658.8194885253906
BU90000000,pt,couple_children_D3,couple_children,D3,57.47659566085926,948.0259704589844,0.0,948.0259704589844,1.0,948.0259704589844
BU90000001,pt,couple_children_D3,couple_children,D3,100.88285650436357,1092.7105102539062,0.0,1092.7105102539062,1.0,1092.7105102539062
BU90000002,pt,couple_children_D3,couple_children,D3,124.32426343155193,1106.852783203125,0.0,1106.852783203125,1.0,1106.852783203125
BU90000003,pt,couple_children_D3,couple_children,D3,132.84422782635806,979.252685546875,0.0,979.252685546875,1.0,979.252685546875
BU90000000,pt,couple_children_D4,couple_children,D4,39.628555779459276,798.3049011230469,0.0,798.3049011230469,1.0,798.3049011230469
BU90000001,pt,couple_children_D4,couple_children,D4,76.19025740020437,895.0086975097656,0.0,895.0086975097656,1.0,895.0086975097656
BU90000002,pt,couple_children_D4,couple_children,D4,94.62826686410305,882.6283874511719,0.0,882.6283874511719,1.0,882.6283874511719
BU90000003,pt,couple_children_D4,couple_children,D4,88.16161582833449,764.3569946289062,0.0,764.3569946289062,1.0,764.3569946289062
BU90000000,pt,couple_children_D5,couple_children,D5,15.986445989055309,1071.5907897949219,0.0,1071.5907897949219,1.0,1071.5907897949219
BU90000001,pt,couple_children_D5,couple_children,D5,44.71538232998584,1231.8326416015625,0.0,1231.8326416015625,1.0,1231.8326416015625
BU90000002,pt,couple_children_D5,couple_children,D5,35.6520101520501,1253.804443359375,0.0,1253.804443359375,1.0,1253.804443359375
BU90000003,pt,couple_children_D5,couple_children,D5,64.52295382327026,1132.4364624023438,0.0,1132.4364624023438,1.0,1132.4364624023438
BU90000000,pt,couple_children_D6,couple_children,D6,49.58603059987202,887.5856323242188,0.0,887.5856323242188,1.0,887.5856323242188
BU90000001,pt,couple_children_D6,couple_children,D6,106.37778351543962,1031.4933471679688,0.0,1031.4933471679688,1.0,1031.4933471679688
BU90000002,pt,couple_children_D6,couple_children,D6,87.77933882558712,1054.1607055664062,0.0,1054.1607055664062,1.0,1054.1607055664062
BU90000003,pt,couple_children_D6,couple_children,D6,165.18332645466373,950.6217041015625,0.0,950.6217041015625,1.0,950.6217041015625
BU90000000,pt,couple_children_D7,couple_children,D7,41.66862602117751,932.8769836425781,0.0,932.8769836425781,1.0,932.8769836425781
BU90000001,pt,couple_children_D7,couple_children,D7,94.7762653681466,1093.6476135253906,0.0,1093.6476135253906,1.0,1093.6476135253906
BU90000002,pt,couple_children_D7,couple_children,D7,83.06548227963847,1128.1080627441406,0.0,1128.1080627441406,1.0,1128.1080627441406
BU90000003,pt,couple_children_D7,couple_children,D7,143.16969626882573,1026.147216796875,0.0,1026.147216796875,1.0,1026.147216796875
BU90000000,pt,couple_children_D8,couple_children,D8,20.147211021169948,1175.7509155273438,0.0,1175.7509155273438,1.0,1175.7509155273438
BU90000001,pt,couple_children_D8,couple_children,D8,55.12261300483238,1303.1590270996094,0.0,1303.1590270996094,1.0,1303.1590270996094
BU90000002,pt,couple_children_D8,couple_children,D8,46.70571419024288,1287.12646484375,0.0,1287.12646484375,1.0,1287.12646484375
BU90000003,pt,couple_children_D8,couple_children,D8,74.48039392143741,1130.306884765625,0.0,1130.306884765625,1.0,1130.306884765625
BU90000000,pt,couple_children_D9,couple_children,D9,22.55604757434494,1047.1398315429688,0.0,1047.1398315429688,1.0,1047.1398315429688
BU90000001,pt,couple_children_D9,couple_children,D9,61.22062617835859,1212.272216796875,0.0,1212.272216796875,1.0,1212.272216796875
BU90000002,pt,couple_children_D9,couple_children,D9,56.09259148329346,1250.9993591308594,0.0,1250.9993591308594,1.0,1250.9993591308594
BU90000003,pt,couple_children_D9,couple_children,D9,71.38711773289697,1148.5480346679688,0.0,1148.5480346679688,1.0,1148.5480346679688
BU90000000,pt,couple_children_D10,couple_children,D10,25.361719116354372,888.6927185058594,0.0,888.6927185058594,1.0,888.6927185058594
BU90000001,pt,couple_children_D10,couple_children,D10,74.29591910706093,1037.4915771484375,0.0,1037.4915771484375,1.0,1037.4915771484375
BU90000002,pt,couple_children_D10,couple_children,D10,62.16218239203208,1071.68115234375,0.0,1071.68115234375,1.0,1071.68115234375
BU90000003,pt,couple_children_D10,couple_children,D10,106.99172435380113,982.3943176269531,0.0,982.3943176269531,1.0,982.3943176269531
BU90000000,pt,single_D1,single,D1,31.496715498298872,0.0,1.0,,1.0,0.0
BU90000001,pt,single_D1,single,D1,25.51751179452624,0.0,1.0,,1.0,0.0
BU90000002,pt,single_D1,single,D1,59.31750964165221,0.0,1.0,,1.0,0.0
BU90000003,pt,single_D1,single,D1,45.21591101906815,0.0,1.0,,1.0,0.0
BU90000000,pt,single_D2,single,D2,25.65545988018648,502.72816467285156,0.0,502.72816467285156,1.0,502.72816467285156
BU90000001,pt,single_D2,single,D2,17.98959292066431,600.7149353027344,0.0,600.7149353027344,1.0,600.7149353027344
BU90000002,pt,single_D2,single,D2,38.46471326551984,574.9314880371094,0.0,574.9314880371094,1.0,574.9314880371094
BU90000003,pt,single_D2,single,D2,42.16145776532342,459.8942108154297,0.0,459.8942108154297,1.0,459.8942108154297
BU90000000,pt,single_D3,single,D3,45.87271349165317,960.2312622070312,0.0,960.2312622070312,1.0,960.2312622070312
BU90000001,pt,single_D3,single,D3,32.794460862723646,1104.4464111328125,0.0,1104.4464111328125,1.0,1104.4464111328125
BU90000002,pt,single_D3,single,D3,73.53738084426,1112.424072265625,0.0,1112.424072265625,1.0,1112.424072265625
BU90000003,pt,single_D3,single,D3,68.83190246441035,989.4629821777344,0.0,989.4629821777344,1.0,989.4629821777344
BU90000000,pt,single_D4,single,D4,44.2530549803968,803.147705078125,0.0,803.147705078125,1.0,803.147705078125
BU90000001,pt,single_D4,single,D4,31.574423286664295,899.0932922363281,0.0,899.0932922363281,1.0,899.0932922363281
BU90000002,pt,single_D4,single,D4,64.62635492034197,886.8538208007812,0.0,886.8538208007812,1.0,886.8538208007812
BU90000003,pt,single_D4,single,D4,74.26734357509181,770.2228393554688,0.0,770.2228393554688,1.0,770.2228393554688
BU90000000,pt,single_D5,single,D5,17.875894198148316,1071.5907287597656,0.0,1071.5907287597656,1.0,1071.5907287597656
BU90000001,pt,single_D5,single,D5,18.954147357377906,1231.8326416015625,0.0,1231.8326416015625,1.0,1231.8326416015625
BU90000002,pt,single_D5,single,D5,28.60377867852126,1253.8043823242188,0.0,1253.8043823242188,1.0,1253.8043823242188
BU90000003,pt,single_D5,single,D5,40.59582164290218,1132.4364013671875,0.0,1132.4364013671875,1.0,1132.4364013671875
BU90000000,pt,single_D6,single,D6,26.592477432945326,887.5279846191406,0.0,887.5279846191406,1.0,887.5279846191406
BU90000001,pt,single_D6,single,D6,29.337402882642078,1031.4302673339844,0.0,1031.4302673339844,1.0,1031.4302673339844
BU90000002,pt,single_D6,single,D6,45.978644377382764,1054.09716796875,0.0,1054.09716796875,1.0,1054.09716796875
BU90000003,pt,single_D6,single,D6,62.46160164631121,950.5639038085938,0.0,950.5639038085938,1.0,950.5639038085938
BU90000000,pt,single_D7,single,D7,19.4872336843241,932.8769836425781,0.0,932.8769836425781,1.0,932.8769836425781
BU90000001,pt,single_D7,single,D7,20.545943235544833,1093.6476135253906,0.0,1093.6476135253906,1.0,1093.6476135253906
BU90000002,pt,single_D7,single,D7,33.959802692487784,1128.1080627441406,0.0,1128.1080627441406,1.0,1128.1080627441406
BU90000003,pt,single_D7,single,D7,44.300563349732805,1026.147216796875,0.0,1026.147216796875,1.0,1026.147216796875
BU90000000,pt,single_D8,single,D8,22.68092795360115,1175.7509155273438,0.0,1175.7509155273438,1.0,1175.7509155273438
BU90000001,pt,single_D8,single,D8,26.16696344496428,1303.1590270996094,0.0,1303.1590270996094,1.0,1303.1590270996094
BU90000002,pt,single_D8,single,D8,44.24633365939832,1287.12646484375,0.0,1287.12646484375,1.0,1287.12646484375
BU90000003,pt,single_D8,single,D8,45.47251277490623,1130.306884765625,0.0,1130.306884765625,1.0,1130.306884765625
BU90000000,pt,single_D9,single,D9,22.15097144878867,1047.1398315429688,0.0,1047.1398315429688,1.0,1047.1398315429688
BU90000001,pt,single_D9,single,D9,22.06827033150604,1212.272216796875,0.0,1212.272216796875,1.0,1212.272216796875
BU90000002,pt,single_D9,single,D9,34.22084315745646,1250.9993591308594,0.0,1250.9993591308594,1.0,1250.9993591308594
BU90000003,pt,single_D9,single,D9,49.414264669740625,1148.5480346679688,0.0,1148.5480346679688,1.0,1148.5480346679688
BU90000000,pt,single_D10,single,D10,22.712003302063184,888.6927185058594,0.0,888.6927185058594,1.0,888.6927185058594
BU90000001,pt,single_D10,single,D10,27.637609338239066,1037.4915771484375,0.0,1037.4915771484375,1.0,1037.4915771484375
BU90000002,pt,single_D10,single,D10,48.13220574881274,1071.68115234375,0.0,1071.68115234375,1.0,1071.68115234375
BU90000003,pt,single_D10,single,D10,46.75471509957516,982.3943176269531,0.0,982.3943176269531,1.0,982.3943176269531
BU90000000,pt,single_parent_D1,single_parent,D1,1.5827899347725782,0.0,1.0,,1.0,0.0
BU90000001,pt,single_parent_D1,single_parent,D1,2.661087217015315,0.0,1.0,,1.0,0.0
BU90000002,pt,single_parent_D1,single_parent,D1,2.821608301708096,0.0,1.0,,1.0,0.0
BU90000003,pt,single_parent_D1,single_parent,D1,4.360078084385516,0.0,1.0,,1.0,0.0
BU90000000,pt,single_parent_D2,single_parent,D2,1.3039787027758944,675.4378051757812,0.0,675.4378051757812,1.0,675.4378051757812
BU90000001,pt,single_parent_D2,single_parent,D2,2.248182102244114,772.6784973144531,0.0,772.6784973144531,1.0,772.6784973144531
BU90000002,pt,single_parent_D2,single_parent,D2,2.6658808603174307,737.59912109375,0.0,737.59912109375,1.0,737.59912109375
BU90000003,pt,single_parent_D2,single_parent,D2,3.0251285083218162,608.3543853759766,0.0,608.3543853759766,1.0,608.3543853759766
BU90000000,pt,single_parent_D3,single_parent,D3,3.05539177579828,924.8238220214844,0.0,924.8238220214844,1.0,924.8238220214844
BU90000001,pt,single_parent_D3,single_parent,D3,4.966743553591047,1071.7767333984375,0.0,1071.7767333984375,1.0,1071.7767333984375
BU90000002,pt,single_parent_D3,single_parent,D3,5.796377053995194,1090.0907592773438,0.0,1090.0907592773438,1.0,1090.0907592773438
BU90000003,pt,single_parent_D3,single_parent,D3,7.0260220641891955,957.4561767578125,0.0,957.4561767578125,1.0,957.4561767578125
BU90000000,pt,single_parent_D4,single_parent,D4,1.3942490057682806,797.4255065917969,0.0,797.4255065917969,1.0,797.4255065917969
BU90000001,pt,single_parent_D4,single_parent,D4,2.9795754868347863,894.2279357910156,0.0,894.2279357910156,1.0,894.2279357910156
BU90000002,pt,single_parent_D4,single_parent,D4,3.268943033216806,881.8016967773438,0.0,881.8016967773438,1.0,881.8016967773438
BU90000003,pt,single_parent_D4,single_parent,D4,4.145408954260993,763.1823425292969,0.0,763.1823425292969,1.0,763.1823425292969
BU90000000,pt,single_parent_D5,single_parent,D5,0.45963864194647175,1071.5907897949219,0.0,1071.5907897949219,1.0,1071.5907897949219
BU90000001,pt,single_parent_D5,single_parent,D5,1.3361577315762598,1231.8326416015625,0.0,1231.8326416015625,1.0,1231.8326416015625
BU90000002,pt,single_parent_D5,single_parent,D5,1.1175070272003336,1253.804443359375,0.0,1253.804443359375,1.0,1253.804443359375
BU90000003,pt,single_parent_D5,single_parent,D5,1.604026891816704,1132.4364624023438,0.0,1132.4364624023438,1.0,1132.4364624023438
BU90000000,pt,single_parent_D6,single_parent,D6,0.885014063070185,887.5856323242188,0.0,887.5856323242188,1.0,887.5856323242188
BU90000001,pt,single_parent_D6,single_parent,D6,2.697275272330265,1031.4933471679688,0.0,1031.4933471679688,1.0,1031.4933471679688
BU90000002,pt,single_parent_D6,single_parent,D6,2.009875280938168,1054.1607055664062,0.0,1054.1607055664062,1.0,1054.1607055664062
BU90000003,pt,single_parent_D6,single_parent,D6,4.525541773888037,950.6217041015625,0.0,950.6217041015625,1.0,950.6217041015625
BU90000000,pt,single_parent_D7,single_parent,D7,1.2574993880752174,932.8769836425781,0.0,932.8769836425781,1.0,932.8769836425781
BU90000001,pt,single_parent_D7,single_parent,D7,3.0843586478092093,1093.6476135253906,0.0,1093.6476135253906,1.0,1093.6476135253906
BU90000002,pt,single_parent_D7,single_parent,D7,3.39306846448699,1128.1080627441406,0.0,1128.1080627441406,1.0,1128.1080627441406
BU90000003,pt,single_parent_D7,single_parent,D7,2.5731868235695172,1026.147216796875,0.0,1026.147216796875,1.0,1026.147216796875
BU90000000,pt,single_parent_D8,single_parent,D8,0.81683742052697,1175.7509155273438,0.0,1175.7509155273438,1.0,1175.7509155273438
BU90000001,pt,single_parent_D8,single_parent,D8,2.1727291176651127,1303.1590270996094,0.0,1303.1590270996094,1.0,1303.1590270996094
BU90000002,pt,single_parent_D8,single_parent,D8,1.8100508640272066,1287.12646484375,0.0,1287.12646484375,1.0,1287.12646484375
BU90000003,pt,single_parent_D8,single_parent,D8,2.867209804777533,1130.306884765625,0.0,1130.306884765625,1.0,1130.306884765625
BU90000000,pt,single_parent_D9,single_parent,D9,0.4119373675784581,1047.1398315429688,0.0,1047.1398315429688,1.0,1047.1398315429688
BU90000001,pt,single_parent_D9,single_parent,D9,1.6927833057310133,1212.272216796875,0.0,1212.272216796875,1.0,1212.272216796875
BU90000002,pt,single_parent_D9,single_parent,D9,1.34292533199686,1250.9993591308594,0.0,1250.9993591308594,1.0,1250.9993591308594
BU90000003,pt,single_parent_D9,single_parent,D9,2.3081719561312535,1148.5480346679688,0.0,1148.5480346679688,1.0,1148.5480346679688
BU90000000,pt,single_parent_D10,single_parent,D10,0.622112528441143,888.6927185058594,0.0,888.6927185058594,1.0,888.6927185058594
BU90000001,pt,single_parent_D10,single_parent,D10,1.8865166302826988,1037.4915771484375,0.0,1037.4915771484375,1.0,1037.4915771484375
BU90000002,pt,single_parent_D10,single_parent,D10,1.431154642415218,1071.68115234375,0.0,1071.68115234375,1.0,1071.68115234375
BU90000003,pt,single_parent_D10,single_parent,D10,3.13335625277952,982.3943176269531,0.0,982.3943176269531,1.0,982.3943176269531
