household_type,income_class,low,high,km_low,km_high,central,unit,upper_bound,gate_slack
couple,D1,,,,,,tour,False,False
couple,D2,4.87,23.52,10.97,123.78,9.4,tour,False,False
couple,D3,8.52,74.16,25.72,390.34,16.62,tour,False,True
couple,D4,13.98,93.91,47.78,494.28,27.12,tour,False,True
couple,D5,23.16,148.17,84.92,779.85,40.41,tour,False,True
couple,D6,31.58,204.6,128.9,1076.84,51.04,tour,False,True
couple,D7,81.91,260.3,394.8,1370.0,85.5,tour,True,True
couple,D8,106.6,333.42,525.19,1754.85,109.69,tour,True,True
couple,D9,141.71,439.63,710.66,2313.82,144.73,tour,True,True
couple,D10,224.3,691.11,1146.97,3637.41,227.6,tour,True,True
couple_children,D1,,,,,,tour,False,False
couple_children,D2,4.13,57.95,7.97,305.01,10.72,tour,False,True
couple_children,D3,9.25,103.81,28.69,546.37,16.36,tour,False,True
couple_children,D4,14.43,172.53,49.62,908.07,24.61,tour,False,True
couple_children,D5,43.32,245.56,195.57,1292.4,45.53,tour,True,True
couple_children,D6,56.95,322.54,264.57,1697.59,59.9,tour,True,True
couple_children,D7,71.79,405.18,339.72,2132.54,75.3,tour,True,True
couple_children,D8,89.92,504.94,431.51,2657.59,93.92,tour,True,True
couple_children,D9,116.27,649.84,564.87,3420.19,120.97,tour,True,True
couple_children,D10,178.65,992.93,880.69,5225.94,180.26,tour,True,True
single,D1,,,,,,tour,False,False
single,D2,1.85,25.53,0.0,134.36,13.13,tour,False,False
single,D3,13.66,61.97,46.49,326.16,34.23,tour,False,True
single,D4,25.74,97.58,95.34,513.56,46.91,tour,False,True
single,D5,34.58,136.33,136.69,717.54,62.7,tour,False,True
single,D6,25.26,174.64,93.41,919.15,75.85,tour,False,True
single,D7,43.37,217.91,184.43,1146.88,80.48,tour,False,True
single,D8,121.06,227.64,606.31,1198.09,127.71,tour,True,True
single,D9,161.41,303.5,825.4,1597.35,170.28,tour,True,True
single,D10,260.48,483.13,1363.39,2542.77,266.77,tour,True,True
single_parent,D1,,,,,,tour,False,False
single_parent,D2,3.62,41.98,5.92,220.94,10.7,tour,False,True
single_parent,D3,8.27,74.6,24.73,392.64,15.62,tour,False,True
single_parent,D4,14.76,129.29,50.94,680.48,25.16,tour,False,True
single_parent,D5,43.4,187.24,200.6,985.49,48.65,tour,True,True
single_parent,D6,59.85,248.51,287.5,1307.94,64.98,tour,True,True
single_parent,D7,77.07,314.27,378.49,1654.08,78.29,tour,True,True
single_parent,D8,96.4,393.66,480.58,2071.92,97.96,tour,True,True
single_parent,D9,124.27,508.97,627.79,2678.8,126.43,tour,True,True
single_parent,D10,191.79,782.01,984.47,4115.84,194.16,tour,True,True
