nace_r2,isco08,employed_thousands
A,OC1,4.6
A,OC2,12.3
A,OC3,11.6
A,OC4,10.8
A,OC5,14.3
A,OC6,77.5
A,OC7,7.8
A,OC8,9.3
A,OC9,28.8
A,OC0,
B,OC1,2.1
B,OC2,5.5
B,OC3,4.2
B,OC4,1.5
B,OC5,
B,OC6,
B,OC7,
B,OC8,
B,OC9,
B,OC0,
C,OC1,52.2
C,OC2,173.0
C,OC3,130.0
C,OC4,87.2
C,OC5,41.1
C,OC6,5.0
C,OC7,169.5
C,OC8,92.4
C,OC9,49.4
C,OC0,
D,OC1,2.0
D,OC2,19.7
D,OC3,9.0
D,OC4,4.8
D,OC5,
D,OC6,
D,OC7,3.9
D,OC8,
D,OC9,
D,OC0,
E,OC1,3.2
E,OC2,8.6
E,OC3,5.8
E,OC4,6.6
E,OC5,1.9
E,OC6,
E,OC7,3.8
E,OC8,4.5
E,OC9,5.1
E,OC0,
F,OC1,22.2
F,OC2,40.0
F,OC3,56.0
F,OC4,57.5
F,OC5,5.0
F,OC6,
F,OC7,199.6
F,OC8,17.4
F,OC9,15.0
F,OC0,
G,OC1,92.3
G,OC2,146.3
G,OC3,156.4
G,OC4,136.6
G,OC5,507.3
G,OC6,4.5
G,OC7,116.8
G,OC8,45.9
G,OC9,229.0
G,OC0,1.8
H,OC1,19.7
H,OC2,37.3
H,OC3,59.6
H,OC4,94.8
H,OC5,24.9
H,OC6,
H,OC7,13.8
H,OC8,156.6
H,OC9,40.5
H,OC0,
I,OC1,27.2
I,OC2,10.8
I,OC3,26.5
I,OC4,17.4
I,OC5,231.3
I,OC6,1.9
I,OC7,6.3
I,OC8,4.2
I,OC9,105.7
I,OC0,
J,OC1,29.8
J,OC2,299.8
J,OC3,53.1
J,OC4,23.1
J,OC5,11.5
J,OC6,
J,OC7,4.0
J,OC8,
J,OC9,7.6
J,OC0,
K,OC1,26.7
K,OC2,148.6
K,OC3,72.3
K,OC4,33.5
K,OC5,11.0
K,OC6,
K,OC7,1.6
K,OC8,
K,OC9,
K,OC0,
L,OC1,6.0
L,OC2,12.3
L,OC3,31.5
L,OC4,11.0
L,OC5,6.5
L,OC6,
L,OC7,3.3
L,OC8,
L,OC9,1.9
L,OC0,
M,OC1,56.5
M,OC2,474.4
M,OC3,185.6
M,OC4,64.7
M,OC5,24.3
M,OC6,1.5
M,OC7,21.7
M,OC8,6.6
M,OC9,8.7
M,OC0,
N,OC1,27.6
N,OC2,78.4
N,OC3,58.2
N,OC4,60.3
N,OC5,60.6
N,OC6,25.1
N,OC7,20.9
N,OC8,16.3
N,OC9,94.0
N,OC0,
O,OC1,36.4
O,OC2,261.8
O,OC3,172.3
O,OC4,69.2
O,OC5,61.0
O,OC6,4.8
O,OC7,9.1
O,OC8,4.1
O,OC9,9.6
O,OC0,24.1
P,OC1,27.8
P,OC2,519.9
P,OC3,49.4
P,OC4,39.6
P,OC5,98.9
P,OC6,
P,OC7,5.7
P,OC8,
P,OC9,6.0
P,OC0,
Q,OC1,39.7
Q,OC2,565.7
Q,OC3,452.6
Q,OC4,90.4
Q,OC5,369.3
Q,OC6,
Q,OC7,7.6
Q,OC8,3.4
Q,OC9,81.5
Q,OC0,
R,OC1,11.8
R,OC2,92.4
R,OC3,54.2
R,OC4,23.7
R,OC5,30.8
R,OC6,1.8
R,OC7,9.1
R,OC8,
R,OC9,9.4
R,OC0,
S,OC1,10.8
S,OC2,44.2
S,OC3,22.9
S,OC4,10.9
S,OC5,79.2
S,OC6,
S,OC7,11.5
S,OC8,3.2
S,OC9,4.7
S,OC0,
T,OC1,
T,OC2,
T,OC3,2.9
T,OC4,
T,OC5,3.6
T,OC6,
T,OC7,
T,OC8,
T,OC9,
T,OC0,
U,OC1,
U,OC2,
U,OC3,
U,OC4,
U,OC5,
U,OC6,
U,OC7,
U,OC8,
U,OC9,
U,OC0,
