nace_r2,isco08,mean_hourly_eur
B,OC1,50.48
C,OC1,42.16
D,OC1,
E,OC1,38.89
F,OC1,37.42
G,OC1,34.55
H,OC1,34.92
I,OC1,22.95
J,OC1,44.36
K,OC1,44.28
L,OC1,37.09
M,OC1,43.93
N,OC1,30.65
O,OC1,37.65
P,OC1,37.73
Q,OC1,32.56
R,OC1,27.17
S,OC1,35.18
B,OC2,41.67
C,OC2,30.41
D,OC2,35.41
E,OC2,27.81
F,OC2,29.83
G,OC2,25.8
H,OC2,29.29
I,OC2,17.3
J,OC2,28.48
K,OC2,34.56
L,OC2,31.93
M,OC2,29.81
N,OC2,22.8
O,OC2,31.94
P,OC2,28.13
Q,OC2,28.59
R,OC2,22.8
S,OC2,27.73
B,OC3,33.58
C,OC3,27.14
D,OC3,28.53
E,OC3,25.15
F,OC3,26.4
G,OC3,21.3
H,OC3,29.39
I,OC3,16.03
J,OC3,23.54
K,OC3,28.38
L,OC3,25.89
M,OC3,24.16
N,OC3,19.73
O,OC3,25.77
P,OC3,22.08
Q,OC3,20.75
R,OC3,18.63
S,OC3,23.09
B,OC4,
C,OC4,20.54
D,OC4,23.77
E,OC4,19.87
F,OC4,22.52
G,OC4,17.3
H,OC4,18.9
I,OC4,14.4
J,OC4,18.9
K,OC4,22.19
L,OC4,21.02
M,OC4,19.2
N,OC4,16.19
O,OC4,22.11
P,OC4,18.98
Q,OC4,18.92
R,OC4,18.24
S,OC4,19.19
B,OC5,
C,OC5,16.0
D,OC5,
E,OC5,17.02
F,OC5,17.04
G,OC5,13.62
H,OC5,18.97
I,OC5,11.62
J,OC5,15.5
K,OC5,21.54
L,OC5,20.4
M,OC5,16.13
N,OC5,14.3
O,OC5,22.74
P,OC5,16.5
Q,OC5,17.41
R,OC5,13.78
S,OC5,14.51
B,OC6,
C,OC6,14.11
D,OC6,
E,OC6,16.62
F,OC6,18.03
G,OC6,14.14
H,OC6,
I,OC6,13.89
J,OC6,
K,OC6,
L,OC6,
M,OC6,20.33
N,OC6,14.91
O,OC6,20.36
P,OC6,
Q,OC6,15.68
R,OC6,13.87
S,OC6,
B,OC7,
C,OC7,18.84
D,OC7,
E,OC7,19.62
F,OC7,20.48
G,OC7,16.52
H,OC7,19.73
I,OC7,12.43
J,OC7,
K,OC7,22.61
L,OC7,22.82
M,OC7,19.72
N,OC7,15.87
O,OC7,20.21
P,OC7,13.67
Q,OC7,16.77
R,OC7,14.78
S,OC7,16.72
B,OC8,
C,OC8,19.39
D,OC8,
E,OC8,18.82
F,OC8,18.9
G,OC8,15.14
H,OC8,17.87
I,OC8,11.44
J,OC8,
K,OC8,
L,OC8,
M,OC8,16.27
N,OC8,15.35
O,OC8,18.09
P,OC8,16.75
Q,OC8,15.45
R,OC8,12.17
S,OC8,13.68
B,OC9,
C,OC9,13.5
D,OC9,
E,OC9,16.57
F,OC9,14.25
G,OC9,9.53
H,OC9,16.83
I,OC9,9.38
J,OC9,11.94
K,OC9,
L,OC9,
M,OC9,12.76
N,OC9,13.1
O,OC9,15.11
P,OC9,12.8
Q,OC9,13.62
R,OC9,11.16
S,OC9,12.18
B,OC0,
C,OC0,
D,OC0,
E,OC0,
F,OC0,
G,OC0,16.8
H,OC0,23.48
I,OC0,
J,OC0,
K,OC0,
L,OC0,
M,OC0,
N,OC0,
O,OC0,
P,OC0,
Q,OC0,
R,OC0,
S,OC0,
