LeeftijdKindEren,Perioden,RegioS,TotaalHuishoudensMetKinderen_1,TotaalEenouderhuishoudensMetKinderen_13
1017000,2022JJ00,NL01,2616206.0,596408.0
1017000,2022JJ00,LD01,244352.0,54740.0
1017000,2022JJ00,LD02,562702.0,113659.0
1017000,2022JJ00,LD03,1268689.0,311356.0
1017000,2022JJ00,LD04,540463.0,116653.0
1017000,2022JJ00,PV20,77014.0,19291.0
1017000,2022JJ00,PV21,94774.0,20215.0
1017000,2022JJ00,PV22,72564.0,15234.0
1017000,2022JJ00,PV23,177313.0,33846.0
1017000,2022JJ00,PV24,74105.0,18490.0
1017000,2022JJ00,PV25,311284.0,61323.0
1017000,2022JJ00,PV26,207791.0,41243.0
1017000,2022JJ00,PV27,434161.0,112539.0
1017000,2022JJ00,PV28,572567.0,146271.0
1017000,2022JJ00,PV29,54170.0,11303.0
1017000,2022JJ00,PV30,385091.0,80130.0
1017000,2022JJ00,PV31,155372.0,36523.0
1017000,2022JJ00,CR01,19228.0,4587.0
1017000,2022JJ00,CR02,6347.0,1652.0
1017000,2022JJ00,CR03,51439.0,13052.0
1017000,2022JJ00,CR04,46141.0,10298.0
1017000,2022JJ00,CR05,20648.0,3889.0
1017000,2022JJ00,CR06,27985.0,6028.0
1017000,2022JJ00,CR07,28165.0,5820.0
1017000,2022JJ00,CR08,24725.0,5437.0
1017000,2022JJ00,CR09,19674.0,3977.0
1017000,2022JJ00,CR10,57917.0,10098.0
1017000,2022JJ00,CR11,23741.0,4902.0
1017000,2022JJ00,CR12,95655.0,18846.0
1017000,2022JJ00,CR13,105341.0,17791.0
1017000,2022JJ00,CR14,58864.0,10915.0
1017000,2022JJ00,CR15,107637.0,25748.0
1017000,2022JJ00,CR16,39442.0,6869.0
1017000,2022JJ00,CR17,207791.0,41243.0
1017000,2022JJ00,CR18,57857.0,12810.0
1017000,2022JJ00,CR19,38768.0,8894.0
1017000,2022JJ00,CR20,31593.0,7098.0
1017000,2022JJ00,CR21,35290.0,8259.0
1017000,2022JJ00,CR22,28768.0,7641.0
1017000,2022JJ00,CR23,201405.0,59187.0
1017000,2022JJ00,CR24,40480.0,8650.0
1017000,2022JJ00,CR25,63475.0,12791.0
1017000,2022JJ00,CR26,137738.0,38892.0
1017000,2022JJ00,CR27,33635.0,7008.0
1017000,2022JJ00,CR28,52378.0,9903.0
1017000,2022JJ00,CR29,226357.0,65001.0
1017000,2022JJ00,CR30,58984.0,12676.0
1017000,2022JJ00,CR31,14352.0,3179.0
1017000,2022JJ00,CR32,39818.0,8124.0
1017000,2022JJ00,CR33,94915.0,20404.0
1017000,2022JJ00,CR34,73116.0,15760.0
1017000,2022JJ00,CR35,100214.0,19539.0
1017000,2022JJ00,CR36,116846.0,24427.0
1017000,2022JJ00,CR37,41701.0,8126.0
1017000,2022JJ00,CR38,34201.0,7062.0
1017000,2022JJ00,CR39,79470.0,21335.0
1017000,2022JJ00,CR40,74105.0,18490.0
1017000,2022JJ00,GM1680,3533.0,594.0
1017000,2022JJ00,GM0738,,
1017000,2022JJ00,GM0358,5537.0,1027.0
1017000,2022JJ00,GM0197,4024.0,659.0
1017000,2022JJ00,GM0480,,
1017000,2022JJ00,GM0305,,
1017000,2022JJ00,GM0059,4438.0,814.0
1017000,2022JJ00,GM0360,,
1017000,2022JJ00,GM0482,3189.0,605.0
1017000,2022JJ00,GM0613,4486.0,832.0
1017000,2022JJ00,GM0483,,
1017000,2022JJ00,GM0361,16701.0,4419.0
1017000,2022JJ00,GM0141,11402.0,2788.0
1017000,2022JJ00,GM0034,39375.0,11193.0
1017000,2022JJ00,GM0484,17605.0,3558.0
1017000,2022JJ00,GM1723,1566.0,198.0
1017000,2022JJ00,GM1959,8988.0,1296.0
1017000,2022JJ00,GM1679,,
1017000,2022JJ00,GM0060,506.0,89.0
1017000,2022JJ00,GM0306,,
1017000,2022JJ00,GM0307,25207.0,5442.0
1017000,2022JJ00,GM0362,14729.0,3312.0
1017000,2022JJ00,GM0363,113443.0,39808.0
1017000,2022JJ00,GM0364,,
1017000,2022JJ00,GM0199,,
1017000,2022JJ00,GM0366,,
1017000,2022JJ00,GM0200,24398.0,5352.0
1017000,2022JJ00,GM0003,,
1017000,2022JJ00,GM0885,,
1017000,2022JJ00,GM0202,23094.0,6794.0
1017000,2022JJ00,GM0106,10146.0,2632.0
1017000,2022JJ00,GM0743,2549.0,377.0
1017000,2022JJ00,GM0650,,
1017000,2022JJ00,GM0744,982.0,188.0
1017000,2022JJ00,GM0308,3565.0,766.0
1017000,2022JJ00,GM0489,8570.0,1577.0
1017000,2022JJ00,GM0203,9547.0,1134.0
1017000,2022JJ00,GM0144,,
1017000,2022JJ00,GM0005,,
1017000,2022JJ00,GM0888,2269.0,487.0
1017000,2022JJ00,GM1954,5310.0,1131.0
1017000,2022JJ00,GM0370,,
1017000,2022JJ00,GM0889,2032.0,400.0
1017000,2022JJ00,GM0007,,
1017000,2022JJ00,GM0206,,
1017000,2022JJ00,GM0372,,
1017000,2022JJ00,GM1945,5075.0,1045.0
1017000,2022JJ00,GM0491,,
1017000,2022JJ00,GM1724,2829.0,447.0
1017000,2022JJ00,GM0893,1950.0,338.0
1017000,2022JJ00,GM0373,4062.0,944.0
1017000,2022JJ00,GM0748,9981.0,2334.0
1017000,2022JJ00,GM0207,,
1017000,2022JJ00,GM0492,,
1017000,2022JJ00,GM0493,,
1017000,2022JJ00,GM1859,6393.0,1044.0
1017000,2022JJ00,GM1721,4965.0,782.0
1017000,2022JJ00,GM0568,,
1017000,2022JJ00,GM0753,4910.0,951.0
1017000,2022JJ00,GM0209,4180.0,764.0
1017000,2022JJ00,GM0375,6733.0,1662.0
1017000,2022JJ00,GM0063,,
1017000,2022JJ00,GM0310,6681.0,1343.0
1017000,2022JJ00,GM0585,,
1017000,2022JJ00,GM1728,3081.0,484.0
1017000,2022JJ00,GM0376,2025.0,344.0
1017000,2022JJ00,GM0495,,
1017000,2022JJ00,GM0377,3631.0,580.0
1017000,2022JJ00,GM0055,,
1017000,2022JJ00,GM0497,,
1017000,2022JJ00,GM1901,5636.0,913.0
1017000,2022JJ00,GM0755,1741.0,250.0
1017000,2022JJ00,GM0009,,
1017000,2022JJ00,GM0064,,
1017000,2022JJ00,GM0211,,
1017000,2022JJ00,GM1681,3610.0,627.0
1017000,2022JJ00,GM0147,3799.0,610.0
1017000,2022JJ00,GM0654,3383.0,526.0
1017000,2022JJ00,GM0499,,
1017000,2022JJ00,GM0756,,
1017000,2022JJ00,GM0757,4902.0,1010.0
1017000,2022JJ00,GM0758,26475.0,6324.0
1017000,2022JJ00,GM0311,,
1017000,2022JJ00,GM0501,2695.0,586.0
1017000,2022JJ00,GM1876,5173.0,773.0
1017000,2022JJ00,GM0213,2998.0,529.0
1017000,2022JJ00,GM0899,3928.0,1144.0
1017000,2022JJ00,GM0312,2450.0,365.0
1017000,2022JJ00,GM0313,3725.0,445.0
1017000,2022JJ00,GM0214,4265.0,654.0
1017000,2022JJ00,GM0381,,
1017000,2022JJ00,GM0502,10598.0,3420.0
1017000,2022JJ00,GM0383,5471.0,949.0
1017000,2022JJ00,GM0109,5134.0,990.0
1017000,2022JJ00,GM1706,2963.0,538.0
1017000,2022JJ00,GM0611,,
1017000,2022JJ00,GM1684,,
1017000,2022JJ00,GM0216,4736.0,923.0
1017000,2022JJ00,GM0148,4543.0,616.0
1017000,2022JJ00,GM0065,,
1017000,2022JJ00,GM1891,2909.0,468.0
1017000,2022JJ00,GM0503,12291.0,3503.0
1017000,2022JJ00,GM0010,,
1017000,2022JJ00,GM0149,,
1017000,2022JJ00,GM0762,4850.0,868.0
1017000,2022JJ00,GM0150,15222.0,3619.0
1017000,2022JJ00,GM0218,,
1017000,2022JJ00,GM0384,4579.0,1284.0
1017000,2022JJ00,GM1980,14398.0,2887.0
1017000,2022JJ00,GM1774,4211.0,513.0
1017000,2022JJ00,GM0219,,
1017000,2022JJ00,GM0504,,
1017000,2022JJ00,GM0220,,
1017000,2022JJ00,GM0221,1596.0,418.0
1017000,2022JJ00,GM0222,8716.0,1844.0
1017000,2022JJ00,GM0766,4112.0,748.0
1017000,2022JJ00,GM0058,,
1017000,2022JJ00,GM0315,,
1017000,2022JJ00,GM0505,18354.0,4797.0
1017000,2022JJ00,GM0498,3105.0,521.0
1017000,2022JJ00,GM0316,,
1017000,2022JJ00,GM1719,4114.0,683.0
1017000,2022JJ00,GM0303,6481.0,1201.0
1017000,2022JJ00,GM0225,3037.0,556.0
1017000,2022JJ00,GM0226,4130.0,826.0
1017000,2022JJ00,GM0902,,
1017000,2022JJ00,GM0227,,
1017000,2022JJ00,GM1711,4529.0,932.0
1017000,2022JJ00,GM0385,5954.0,926.0
1017000,2022JJ00,GM0228,17839.0,2796.0
1017000,2022JJ00,GM0317,1551.0,322.0
1017000,2022JJ00,GM1979,6347.0,1652.0
1017000,2022JJ00,GM1651,,
1017000,2022JJ00,GM0770,2935.0,417.0
1017000,2022JJ00,GM0229,,
1017000,2022JJ00,GM0905,,
1017000,2022JJ00,GM1903,3887.0,599.0
1017000,2022JJ00,GM0772,32005.0,8399.0
1017000,2022JJ00,GM0230,3736.0,544.0
1017000,2022JJ00,GM0114,15981.0,3820.0
1017000,2022JJ00,GM0388,2770.0,701.0
1017000,2022JJ00,GM0153,22299.0,5814.0
1017000,2022JJ00,GM0232,4843.0,787.0
1017000,2022JJ00,GM0233,3861.0,689.0
1017000,2022JJ00,GM0777,7009.0,1452.0
1017000,2022JJ00,GM1722,,
1017000,2022JJ00,GM0070,,
1017000,2022JJ00,GM1921,,
1017000,2022JJ00,GM1940,7578.0,1271.0
1017000,2022JJ00,GM0653,,
1017000,2022JJ00,GM0779,3479.0,750.0
1017000,2022JJ00,GM0236,,
1017000,2022JJ00,GM0781,,
1017000,2022JJ00,GM1771,6190.0,1351.0
1017000,2022JJ00,GM1652,4842.0,835.0
1017000,2022JJ00,GM0237,,
1017000,2022JJ00,GM0907,2461.0,475.0
1017000,2022JJ00,GM0689,,
1017000,2022JJ00,GM0784,4037.0,787.0
1017000,2022JJ00,GM0511,,
1017000,2022JJ00,GM1924,7473.0,1163.0
1017000,2022JJ00,GM0664,5435.0,1225.0
1017000,2022JJ00,GM0785,3743.0,699.0
1017000,2022JJ00,GM1942,9448.0,1930.0
1017000,2022JJ00,GM0512,5841.0,1292.0
1017000,2022JJ00,GM0239,,
1017000,2022JJ00,GM0513,10845.0,2496.0
1017000,2022JJ00,GM0693,,
1017000,2022JJ00,GM0365,,
1017000,2022JJ00,GM0786,,
1017000,2022JJ00,GM0390,,
1017000,2022JJ00,GM0517,,
1017000,2022JJ00,GM0518,82420.0,24828.0
1017000,2022JJ00,GM0519,,
1017000,2022JJ00,GM0240,,
1017000,2022JJ00,GM0241,,
1017000,2022JJ00,GM0014,25501.0,7684.0
1017000,2022JJ00,GM0015,,
1017000,2022JJ00,GM1729,1878.0,338.0
1017000,2022JJ00,GM0158,3706.0,609.0
1017000,2022JJ00,GM0788,,
1017000,2022JJ00,GM0392,24937.0,6107.0
1017000,2022JJ00,GM0393,,
1017000,2022JJ00,GM0394,27883.0,5804.0
1017000,2022JJ00,GM0914,,
1017000,2022JJ00,GM1655,4620.0,918.0
1017000,2022JJ00,GM0160,9733.0,1471.0
1017000,2022JJ00,GM0243,7704.0,1500.0
1017000,2022JJ00,GM0523,2953.0,349.0
1017000,2022JJ00,GM0017,,
1017000,2022JJ00,GM0395,,
1017000,2022JJ00,GM0072,2192.0,554.0
1017000,2022JJ00,GM0244,1885.0,267.0
1017000,2022JJ00,GM1937,,
1017000,2022JJ00,GM0396,6157.0,1415.0
1017000,2022JJ00,GM0397,4242.0,804.0
1017000,2022JJ00,GM0246,2778.0,376.0
1017000,2022JJ00,GM0074,7682.0,1705.0
1017000,2022JJ00,GM0398,,
1017000,2022JJ00,GM0526,,
1017000,2022JJ00,GM0917,11883.0,4245.0
1017000,2022JJ00,GM1658,2402.0,365.0
1017000,2022JJ00,GM0399,3607.0,644.0
1017000,2022JJ00,GM0918,,
1017000,2022JJ00,GM0400,7951.0,2409.0
1017000,2022JJ00,GM0163,5575.0,821.0
1017000,2022JJ00,GM0530,6436.0,1600.0
1017000,2022JJ00,GM0794,15108.0,3618.0
1017000,2022JJ00,GM0531,5492.0,868.0
1017000,2022JJ00,GM0248,,
1017000,2022JJ00,GM0164,12003.0,2810.0
1017000,2022JJ00,GM0796,22588.0,5300.0
1017000,2022JJ00,GM0252,2498.0,433.0
1017000,2022JJ00,GM0797,7092.0,1229.0
1017000,2022JJ00,GM0920,,
1017000,2022JJ00,GM0534,3446.0,701.0
1017000,2022JJ00,GM0798,2370.0,333.0
1017000,2022JJ00,GM0402,14112.0,3245.0
1017000,2022JJ00,GM1963,13656.0,2348.0
1017000,2022JJ00,GM1735,5186.0,780.0
1017000,2022JJ00,GM1966,6950.0,1527.0
1017000,2022JJ00,GM1911,7410.0,1350.0
1017000,2022JJ00,GM0675,,
1017000,2022JJ00,GM0118,8336.0,1839.0
1017000,2022JJ00,GM0018,,
1017000,2022JJ00,GM0405,11943.0,3185.0
1017000,2022JJ00,GM1507,6301.0,952.0
1017000,2022JJ00,GM0321,8566.0,1501.0
1017000,2022JJ00,GM0406,6198.0,1425.0
1017000,2022JJ00,GM0677,3804.0,756.0
1017000,2022JJ00,GM0256,,
1017000,2022JJ00,GM0925,,
1017000,2022JJ00,GM0353,5661.0,1235.0
1017000,2022JJ00,GM0645,,
1017000,2022JJ00,GM1884,4380.0,764.0
1017000,2022JJ00,GM0166,8620.0,1397.0
1017000,2022JJ00,GM0678,2020.0,322.0
1017000,2022JJ00,GM0537,10624.0,1656.0
1017000,2022JJ00,GM0928,6132.0,1891.0
1017000,2022JJ00,GM0929,,
1017000,2022JJ00,GM0258,,
1017000,2022JJ00,GM1598,3678.0,599.0
1017000,2022JJ00,GM0079,,
1017000,2022JJ00,GM0588,,
1017000,2022JJ00,GM0542,4675.0,1088.0
1017000,2022JJ00,GM1931,8656.0,1410.0
1017000,2022JJ00,GM1659,3545.0,574.0
1017000,2022JJ00,GM1982,13299.0,2316.0
1017000,2022JJ00,GM1685,,
1017000,2022JJ00,GM0882,5290.0,1409.0
1017000,2022JJ00,GM0415,2012.0,443.0
1017000,2022JJ00,GM0416,,
1017000,2022JJ00,GM1621,11879.0,2081.0
1017000,2022JJ00,GM0417,1650.0,369.0
1017000,2022JJ00,GM0022,,
1017000,2022JJ00,GM0545,,
1017000,2022JJ00,GM0326,,
1017000,2022JJ00,GM0080,16933.0,4751.0
1017000,2022JJ00,GM0081,,
1017000,2022JJ00,GM0546,15052.0,3818.0
1017000,2022JJ00,GM0547,4194.0,848.0
1017000,2022JJ00,GM0548,,
1017000,2022JJ00,GM1916,11509.0,3041.0
1017000,2022JJ00,GM0995,13468.0,3811.0
1017000,2022JJ00,GM0082,,
1017000,2022JJ00,GM1640,5133.0,882.0
1017000,2022JJ00,GM0327,4723.0,829.0
1017000,2022JJ00,GM0260,,
1017000,2022JJ00,GM1673,,
1017000,2022JJ00,GM0552,,
1017000,2022JJ00,GM0694,,
1017000,2022JJ00,GM0418,,
1017000,2022JJ00,GM0733,,
1017000,2022JJ00,GM1705,7502.0,1278.0
1017000,2022JJ00,GM0553,3530.0,721.0
1017000,2022JJ00,GM0808,,
1017000,2022JJ00,GM0140,,
1017000,2022JJ00,GM0262,4692.0,784.0
1017000,2022JJ00,GM0329,,
1017000,2022JJ00,GM0809,3660.0,659.0
1017000,2022JJ00,GM0330,,
1017000,2022JJ00,GM0331,2375.0,356.0
1017000,2022JJ00,GM0024,,
1017000,2022JJ00,GM0168,3517.0,594.0
1017000,2022JJ00,GM0332,,
1017000,2022JJ00,GM0333,,
1017000,2022JJ00,GM0933,,
1017000,2022JJ00,GM0934,,
1017000,2022JJ00,GM1671,,
1017000,2022JJ00,GM0263,3944.0,633.0
1017000,2022JJ00,GM1641,3278.0,555.0
1017000,2022JJ00,GM1991,8972.0,1726.0
1017000,2022JJ00,GM0555,,
1017000,2022JJ00,GM0556,5273.0,1262.0
1017000,2022JJ00,GM0935,13369.0,3969.0
1017000,2022JJ00,GM0936,,
1017000,2022JJ00,GM1663,,
1017000,2022JJ00,GM0025,,
1017000,2022JJ00,GM0420,6935.0,1280.0
1017000,2022JJ00,GM0993,,
1017000,2022JJ00,GM0938,2654.0,557.0
1017000,2022JJ00,GM1948,12768.0,2328.0
1017000,2022JJ00,GM0941,,
1017000,2022JJ00,GM0083,,
1017000,2022JJ00,GM1908,,
1017000,2022JJ00,GM1987,,
1017000,2022JJ00,GM0119,5218.0,1216.0
1017000,2022JJ00,GM0687,6900.0,1716.0
1017000,2022JJ00,GM0559,,
1017000,2022JJ00,GM1842,3229.0,488.0
1017000,2022JJ00,GM1731,4897.0,798.0
1017000,2022JJ00,GM1952,8906.0,2159.0
1017000,2022JJ00,GM0814,,
1017000,2022JJ00,GM0815,,
1017000,2022JJ00,GM0265,,
1017000,2022JJ00,GM1709,5636.0,1079.0
1017000,2022JJ00,GM1978,7125.0,937.0
1017000,2022JJ00,GM1927,,
1017000,2022JJ00,GM0562,,
1017000,2022JJ00,GM1955,5521.0,972.0
1017000,2022JJ00,GM0335,2234.0,371.0
1017000,2022JJ00,GM0944,1140.0,215.0
1017000,2022JJ00,GM0563,,
1017000,2022JJ00,GM0424,,
1017000,2022JJ00,GM0565,,
1017000,2022JJ00,GM0425,,
1017000,2022JJ00,GM1740,4012.0,568.0
1017000,2022JJ00,GM0426,,
1017000,2022JJ00,GM0643,,
1017000,2022JJ00,GM0946,2529.0,360.0
1017000,2022JJ00,GM0266,,
1017000,2022JJ00,GM0304,,
1017000,2022JJ00,GM0412,,
1017000,2022JJ00,GM0356,9896.0,2415.0
1017000,2022JJ00,GM0567,,
1017000,2022JJ00,GM0569,4584.0,718.0
1017000,2022JJ00,GM0571,,
1017000,2022JJ00,GM0104,,
1017000,2022JJ00,GM0267,7249.0,1073.0
1017000,2022JJ00,GM0268,22580.0,6389.0
1017000,2022JJ00,GM1930,13971.0,3922.0
1017000,2022JJ00,GM1970,6833.0,1275.0
1017000,2022JJ00,GM1695,937.0,185.0
1017000,2022JJ00,GM1699,4395.0,873.0
1017000,2022JJ00,GM0529,,
1017000,2022JJ00,GM0171,7293.0,1334.0
1017000,2022JJ00,GM0575,6646.0,1425.0
1017000,2022JJ00,GM0576,,
1017000,2022JJ00,GM0577,,
1017000,2022JJ00,GM0820,3643.0,669.0
1017000,2022JJ00,GM0302,4293.0,577.0
1017000,2022JJ00,GM0951,,
1017000,2022JJ00,GM0429,,
1017000,2022JJ00,GM0579,4097.0,746.0
1017000,2022JJ00,GM0823,2918.0,435.0
1017000,2022JJ00,GM0824,4725.0,854.0
1017000,2022JJ00,GM1895,5426.0,1410.0
1017000,2022JJ00,GM0269,3867.0,494.0
1017000,2022JJ00,GM0173,4822.0,977.0
1017000,2022JJ00,GM0174,,
1017000,2022JJ00,GM1773,2793.0,452.0
1017000,2022JJ00,GM0175,2662.0,354.0
1017000,2022JJ00,GM0881,,
1017000,2022JJ00,GM1586,4355.0,632.0
1017000,2022JJ00,GM0692,,
1017000,2022JJ00,GM0826,8595.0,1884.0
1017000,2022JJ00,GM0580,,
1017000,2022JJ00,GM0085,3653.0,834.0
1017000,2022JJ00,GM0431,1650.0,307.0
1017000,2022JJ00,GM0432,1856.0,302.0
1017000,2022JJ00,GM0086,4449.0,768.0
1017000,2022JJ00,GM0828,14370.0,2979.0
1017000,2022JJ00,GM0584,,
1017000,2022JJ00,GM1509,5811.0,1019.0
1017000,2022JJ00,GM0437,2298.0,560.0
1017000,2022JJ00,GM0644,,
1017000,2022JJ00,GM0589,1567.0,277.0
1017000,2022JJ00,GM1734,7979.0,1476.0
1017000,2022JJ00,GM0590,5118.0,1161.0
1017000,2022JJ00,GM1894,6583.0,954.0
1017000,2022JJ00,GM0765,1852.0,451.0
1017000,2022JJ00,GM0594,,
1017000,2022JJ00,GM1926,10290.0,1713.0
1017000,2022JJ00,GM0439,15166.0,3935.0
1017000,2022JJ00,GM0273,3791.0,547.0
1017000,2022JJ00,GM0177,5726.0,831.0
1017000,2022JJ00,GM0835,,
1017000,2022JJ00,GM0595,,
1017000,2022JJ00,GM1661,,
1017000,2022JJ00,GM0703,3516.0,478.0
1017000,2022JJ00,GM0274,4177.0,961.0
1017000,2022JJ00,GM0339,919.0,106.0
1017000,2022JJ00,GM1667,1997.0,279.0
1017000,2022JJ00,GM0275,5941.0,1521.0
1017000,2022JJ00,GM0340,3052.0,488.0
1017000,2022JJ00,GM0597,7222.0,1774.0
1017000,2022JJ00,GM0602,,
1017000,2022JJ00,GM0196,,
1017000,2022JJ00,GM1672,,
1017000,2022JJ00,GM0178,,
1017000,2022JJ00,GM1742,6207.0,756.0
1017000,2022JJ00,GM0603,8613.0,2601.0
1017000,2022JJ00,GM1669,2885.0,592.0
1017000,2022JJ00,GM0957,8513.0,2225.0
1017000,2022JJ00,GM1670,,
1017000,2022JJ00,GM0736,7257.0,1433.0
1017000,2022JJ00,GM1674,11371.0,2645.0
1017000,2022JJ00,GM0599,95482.0,34292.0
1017000,2022JJ00,GM0600,,
1017000,2022JJ00,GM0277,280.0,29.0
1017000,2022JJ00,GM0840,3603.0,597.0
1017000,2022JJ00,GM0278,,
1017000,2022JJ00,GM0704,,
1017000,2022JJ00,GM0604,,
1017000,2022JJ00,GM0441,6950.0,1419.0
1017000,2022JJ00,GM0039,,
1017000,2022JJ00,GM0458,,
1017000,2022JJ00,GM0279,1593.0,207.0
1017000,2022JJ00,GM0606,12516.0,3741.0
1017000,2022JJ00,GM0088,94.0,17.0
1017000,2022JJ00,GM0844,,
1017000,2022JJ00,GM0962,,
1017000,2022JJ00,GM0607,,
1017000,2022JJ00,GM0608,,
1017000,2022JJ00,GM1676,4558.0,859.0
1017000,2022JJ00,GM0964,,
1017000,2022JJ00,GM0965,1477.0,326.0
1017000,2022JJ00,GM1702,,
1017000,2022JJ00,GM0845,4688.0,694.0
1017000,2022JJ00,GM0846,,
1017000,2022JJ00,GM1883,12712.0,3336.0
1017000,2022JJ00,GM0051,,
1017000,2022JJ00,GM0610,3928.0,749.0
1017000,2022JJ00,GM0040,,
1017000,2022JJ00,GM1714,2982.0,614.0
1017000,2022JJ00,GM1698,,
1017000,2022JJ00,GM0090,8373.0,1994.0
1017000,2022JJ00,GM0091,,
1017000,2022JJ00,GM0342,7291.0,1453.0
1017000,2022JJ00,GM0847,2971.0,422.0
1017000,2022JJ00,GM0848,2843.0,492.0
1017000,2022JJ00,GM0612,,
1017000,2022JJ00,GM0037,4462.0,1023.0
1017000,2022JJ00,GM0180,2827.0,278.0
1017000,2022JJ00,GM0532,3477.0,667.0
1017000,2022JJ00,GM0851,3518.0,631.0
1017000,2022JJ00,GM0280,,
1017000,2022JJ00,GM0181,,
1017000,2022JJ00,GM1708,6539.0,1170.0
1017000,2022JJ00,GM0971,3581.0,760.0
1017000,2022JJ00,GM1904,10479.0,2058.0
1017000,2022JJ00,GM0617,,
1017000,2022JJ00,GM1900,13070.0,2618.0
1017000,2022JJ00,GM0974,,
1017000,2022JJ00,GM0975,,
1017000,2022JJ00,GM0715,7566.0,1809.0
1017000,2022JJ00,GM0093,598.0,127.0
1017000,2022JJ00,GM0448,1782.0,377.0
1017000,2022JJ00,GM1525,6033.0,1069.0
1017000,2022JJ00,GM0716,4017.0,627.0
1017000,2022JJ00,GM0977,,
1017000,2022JJ00,GM0281,6553.0,1486.0
1017000,2022JJ00,GM0855,31499.0,8450.0
1017000,2022JJ00,GM0183,3486.0,388.0
1017000,2022JJ00,GM1700,5498.0,855.0
1017000,2022JJ00,GM1730,5194.0,923.0
1017000,2022JJ00,GM0737,4770.0,857.0
1017000,2022JJ00,GM0282,,
1017000,2022JJ00,GM0856,,
1017000,2022JJ00,GM0450,2289.0,405.0
1017000,2022JJ00,GM0451,5396.0,1223.0
1017000,2022JJ00,GM0184,3684.0,278.0
1017000,2022JJ00,GM0344,49216.0,10429.0
1017000,2022JJ00,GM1581,7195.0,1276.0
1017000,2022JJ00,GM0981,1152.0,319.0
1017000,2022JJ00,GM0619,,
1017000,2022JJ00,GM0994,2114.0,442.0
1017000,2022JJ00,GM0858,4444.0,1036.0
1017000,2022JJ00,GM0047,4116.0,1006.0
1017000,2022JJ00,GM0345,10544.0,1943.0
1017000,2022JJ00,GM0717,2959.0,391.0
1017000,2022JJ00,GM0860,,
1017000,2022JJ00,GM0861,7069.0,1364.0
1017000,2022JJ00,GM0453,10943.0,2667.0
1017000,2022JJ00,GM0454,,
1017000,2022JJ00,GM0983,14732.0,3512.0
1017000,2022JJ00,GM0984,6502.0,1280.0
1017000,2022JJ00,GM0620,,
1017000,2022JJ00,GM1961,9565.0,1720.0
1017000,2022JJ00,GM0622,11505.0,3543.0
1017000,2022JJ00,GM0048,,
1017000,2022JJ00,GM0096,125.0,24.0
1017000,2022JJ00,GM0718,6093.0,1795.0
1017000,2022JJ00,GM0623,,
1017000,2022JJ00,GM0986,1834.0,382.0
1017000,2022JJ00,GM0624,,
1017000,2022JJ00,GM0625,,
1017000,2022JJ00,GM1992,,
1017000,2022JJ00,GM0626,4053.0,808.0
1017000,2022JJ00,GM0285,3619.0,519.0
1017000,2022JJ00,GM0286,,
1017000,2022JJ00,GM0186,,
1017000,2022JJ00,GM0865,4829.0,925.0
1017000,2022JJ00,GM1949,6743.0,1322.0
1017000,2022JJ00,GM0866,2752.0,506.0
1017000,2022JJ00,GM0867,7434.0,1548.0
1017000,2022JJ00,GM0627,5052.0,808.0
1017000,2022JJ00,GM0289,4338.0,929.0
1017000,2022JJ00,GM0628,,
1017000,2022JJ00,GM0291,,
1017000,2022JJ00,GM0629,4197.0,900.0
1017000,2022JJ00,GM0630,,
1017000,2022JJ00,GM0852,2758.0,558.0
1017000,2022JJ00,GM0988,7334.0,1516.0
1017000,2022JJ00,GM0457,3216.0,656.0
1017000,2022JJ00,GM0292,,
1017000,2022JJ00,GM0870,,
1017000,2022JJ00,GM0459,,
1017000,2022JJ00,GM1960,8307.0,1344.0
1017000,2022JJ00,GM0668,2941.0,449.0
1017000,2022JJ00,GM0558,,
1017000,2022JJ00,GM1969,10082.0,1682.0
1017000,2022JJ00,GM1701,2577.0,413.0
1017000,2022JJ00,GM0293,2349.0,596.0
1017000,2022JJ00,GM1950,3372.0,697.0
1017000,2022JJ00,GM1783,18115.0,3017.0
1017000,2022JJ00,GM0098,3828.0,727.0
1017000,2022JJ00,GM0614,2160.0,394.0
1017000,2022JJ00,GM0189,3944.0,531.0
1017000,2022JJ00,GM0462,,
1017000,2022JJ00,GM0463,,
1017000,2022JJ00,GM0296,6558.0,1274.0
1017000,2022JJ00,GM1696,3831.0,681.0
1017000,2022JJ00,GM0352,3737.0,717.0
1017000,2022JJ00,GM0052,,
1017000,2022JJ00,GM0053,,
1017000,2022JJ00,GM0294,4256.0,855.0
1017000,2022JJ00,GM0295,,
1017000,2022JJ00,GM0873,3277.0,601.0
1017000,2022JJ00,GM0632,8469.0,1541.0
1017000,2022JJ00,GM0466,,
1017000,2022JJ00,GM1690,3543.0,509.0
1017000,2022JJ00,GM0880,2611.0,555.0
1017000,2022JJ00,GM0351,2205.0,298.0
1017000,2022JJ00,GM0874,,
1017000,2022JJ00,GM0710,,
1017000,2022JJ00,GM0683,,
1017000,2022JJ00,GM0479,26157.0,7086.0
1017000,2022JJ00,GM0297,4684.0,812.0
1017000,2022JJ00,GM0473,2480.0,768.0
1017000,2022JJ00,GM0707,,
1017000,2022JJ00,GM0478,,
1017000,2022JJ00,GM0050,3804.0,673.0
1017000,2022JJ00,GM0355,9661.0,2114.0
1017000,2022JJ00,GM0298,,
1017000,2022JJ00,GM0299,6661.0,1388.0
1017000,2022JJ00,GM1666,,
1017000,2022JJ00,GM0476,,
1017000,2022JJ00,GM0637,20709.0,5809.0
1017000,2022JJ00,GM0638,1420.0,235.0
1017000,2022JJ00,GM0056,,
1017000,2022JJ00,GM1892,7760.0,1378.0
1017000,2022JJ00,GM0879,3237.0,506.0
1017000,2022JJ00,GM0301,6925.0,1804.0
1017000,2022JJ00,GM1896,3725.0,443.0
1017000,2022JJ00,GM0642,6984.0,1918.0
1017000,2022JJ00,GM0193,19268.0,4369.0
