Persoonskenmerken,Thuiswerken,PositieInDeWerkkring,Geslacht,Perioden,WerkzameBeroepsbevolking_1
T009002,T001205,T001095,T001038,2024JJ00,9798
T009002,A027929,T001095,T001038,2024JJ00,5106
T009002,A027930,T001095,T001038,2024JJ00,1249
T009002,A027931,T001095,T001038,2024JJ00,3857
T009002,A027934,T001095,T001038,2024JJ00,4692
2018700,T001205,T001095,T001038,2024JJ00,1959
2018700,A027929,T001095,T001038,2024JJ00,406
2018700,A027930,T001095,T001038,2024JJ00,138
2018700,A027931,T001095,T001038,2024JJ00,269
2018700,A027934,T001095,T001038,2024JJ00,1552
2018740,T001205,T001095,T001038,2024JJ00,3688
2018740,A027929,T001095,T001038,2024JJ00,1450
2018740,A027930,T001095,T001038,2024JJ00,361
2018740,A027931,T001095,T001038,2024JJ00,1090
2018740,A027934,T001095,T001038,2024JJ00,2238
2018790,T001205,T001095,T001038,2024JJ00,4097
2018790,A027929,T001095,T001038,2024JJ00,3233
2018790,A027930,T001095,T001038,2024JJ00,745
2018790,A027931,T001095,T001038,2024JJ00,2488
2018790,A027934,T001095,T001038,2024JJ00,864
