Geslacht,Persoonskenmerken,Onderwijsniveau,BedrijfstakkenSBI2008,Perioden,BanenVanWerknemers_1
1100,10000,10000,300025,2010JJ00,7330.7
1100,10000,10000,300035,2010JJ00,1214.6
1100,10000,10000,301000,2010JJ00,81.1
1100,10000,10000,300003,2010JJ00,1133.6
1100,10000,10000,300002,2010JJ00,788.9
1100,10000,10000,305700,2010JJ00,7.2
1100,10000,10000,307500,2010JJ00,724.1
1100,10000,10000,346600,2010JJ00,22.4
1100,10000,10000,348000,2010JJ00,35.2
1100,10000,10000,350000,2010JJ00,344.7
1100,10000,10000,300007,2010JJ00,3522.2
1100,10000,10000,300006,2010JJ00,1867.7
1100,10000,10000,354200,2010JJ00,1206.1
1100,10000,10000,383100,2010JJ00,349.4
1100,10000,10000,389100,2010JJ00,312.1
1100,10000,10000,391600,2010JJ00,209.6
1100,10000,10000,396300,2010JJ00,237.6
1100,10000,10000,402000,2010JJ00,62.3
1100,10000,10000,300010,2010JJ00,1145.1
1100,10000,10000,403300,2010JJ00,427.7
1100,10000,10000,410200,2010JJ00,717.4
1100,10000,10000,300013,2010JJ00,2593.9
1100,10000,10000,300012,2010JJ00,2321.9
1100,10000,10000,417400,2010JJ00,514.7
1100,10000,10000,419000,2010JJ00,512.4
1100,10000,10000,422400,2010JJ00,1294.8
1100,10000,10000,300014,2010JJ00,271.9
1100,10000,10000,428100,2010JJ00,128.0
1100,10000,10000,435500,2010JJ00,144.0
1100,10000,18700,300025,2010JJ00,1996.6
1100,10000,18700,300035,2010JJ00,441.3
1100,10000,18700,301000,2010JJ00,40.4
1100,10000,18700,300003,2010JJ00,400.9
1100,10000,18700,300002,2010JJ00,279.3
1100,10000,18700,305700,2010JJ00,0.0
1100,10000,18700,307500,2010JJ00,262.2
1100,10000,18700,346600,2010JJ00,2.7
1100,10000,18700,348000,2010JJ00,13.1
1100,10000,18700,350000,2010JJ00,121.6
1100,10000,18700,300007,2010JJ00,1172.9
1100,10000,18700,300006,2010JJ00,787.0
1100,10000,18700,354200,2010JJ00,490.1
1100,10000,18700,383100,2010JJ00,144.2
1100,10000,18700,389100,2010JJ00,152.6
1100,10000,18700,391600,2010JJ00,18.8
1100,10000,18700,396300,2010JJ00,23.4
1100,10000,18700,402000,2010JJ00,10.0
1100,10000,18700,300010,2010JJ00,333.7
1100,10000,18700,403300,2010JJ00,49.0
1100,10000,18700,410200,2010JJ00,284.7
1100,10000,18700,300013,2010JJ00,382.4
1100,10000,18700,300012,2010JJ00,318.9
1100,10000,18700,417400,2010JJ00,67.9
1100,10000,18700,419000,2010JJ00,31.3
1100,10000,18700,422400,2010JJ00,219.8
1100,10000,18700,300014,2010JJ00,63.5
1100,10000,18700,428100,2010JJ00,29.4
1100,10000,18700,435500,2010JJ00,34.1
1100,10000,18740,300025,2010JJ00,3206.2
1100,10000,18740,300035,2010JJ00,565.4
1100,10000,18740,301000,2010JJ00,34.4
1100,10000,18740,300003,2010JJ00,531.0
1100,10000,18740,300002,2010JJ00,347.6
1100,10000,18740,305700,2010JJ00,3.1
1100,10000,18740,307500,2010JJ00,319.8
1100,10000,18740,346600,2010JJ00,11.7
1100,10000,18740,348000,2010JJ00,13.0
1100,10000,18740,350000,2010JJ00,183.5
1100,10000,18740,300007,2010JJ00,1531.6
1100,10000,18740,300006,2010JJ00,850.2
1100,10000,18740,354200,2010JJ00,562.3
1100,10000,18740,383100,2010JJ00,154.2
1100,10000,18740,389100,2010JJ00,133.7
1100,10000,18740,391600,2010JJ00,77.5
1100,10000,18740,396300,2010JJ00,98.0
1100,10000,18740,402000,2010JJ00,29.6
1100,10000,18740,300010,2010JJ00,476.4
1100,10000,18740,403300,2010JJ00,164.0
1100,10000,18740,410200,2010JJ00,312.5
1100,10000,18740,300013,2010JJ00,1109.1
1100,10000,18740,300012,2010JJ00,988.6
1100,10000,18740,417400,2010JJ00,223.6
1100,10000,18740,419000,2010JJ00,101.1
1100,10000,18740,422400,2010JJ00,663.9
1100,10000,18740,300014,2010JJ00,120.6
1100,10000,18740,428100,2010JJ00,61.0
1100,10000,18740,435500,2010JJ00,59.5
1100,10000,18790,300025,2010JJ00,2127.9
1100,10000,18790,300035,2010JJ00,207.9
1100,10000,18790,301000,2010JJ00,6.3
1100,10000,18790,300003,2010JJ00,201.6
1100,10000,18790,300002,2010JJ00,162.0
1100,10000,18790,305700,2010JJ00,2.9
1100,10000,18790,307500,2010JJ00,142.1
1100,10000,18790,346600,2010JJ00,7.9
1100,10000,18790,348000,2010JJ00,9.1
1100,10000,18790,350000,2010JJ00,39.6
1100,10000,18790,300007,2010JJ00,817.6
1100,10000,18790,300006,2010JJ00,230.6
1100,10000,18790,354200,2010JJ00,153.8
1100,10000,18790,383100,2010JJ00,51.0
1100,10000,18790,389100,2010JJ00,25.8
1100,10000,18790,391600,2010JJ00,113.3
1100,10000,18790,396300,2010JJ00,116.2
1100,10000,18790,402000,2010JJ00,22.6
1100,10000,18790,300010,2010JJ00,335.0
1100,10000,18790,403300,2010JJ00,214.7
1100,10000,18790,410200,2010JJ00,120.3
1100,10000,18790,300013,2010JJ00,1102.3
1100,10000,18790,300012,2010JJ00,1014.4
1100,10000,18790,417400,2010JJ00,223.2
1100,10000,18790,419000,2010JJ00,380.1
1100,10000,18790,422400,2010JJ00,411.1
1100,10000,18790,300014,2010JJ00,87.9
1100,10000,18790,428100,2010JJ00,37.5
1100,10000,18790,435500,2010JJ00,50.4
