household_type,income_class,b_kind,low,high,width,high_over_low,central,swing_gamma,swing_N_source,swing_rent_scenario,swing_commute_scenario,swing_pt_basis,low_gamma,high_gamma,low_N_source,high_N_source,low_rent_scenario,high_rent_scenario,low_commute_scenario,high_commute_scenario,low_pt_basis,high_pt_basis,N_low_end,N_high_end
couple,D2,point,4.872018210754296,23.51885340184515,18.64683519109085,4.827332818652152,9.404172712414477,0.0,0.8183713038270802,0.00830091514111509,0.18571513840559584,0.0,0.0,0.0,N_max,N_min,hi,lo,worker,none,chipkaart,chipkaart,24.226566655434237,8.0
couple,D3,gamma_indexed,8.520629432380762,74.16440613857804,65.64377670619729,8.704099471423165,16.619363245806547,0.06521996795811955,0.4208319616163131,0.18798768905524074,0.04365149253764977,0.0,0.0,1.0,N_max,N_min,hi,lo,worker,none,chipkaart,chipkaart,24.226566655434237,8.0
couple,D4,gamma_indexed,13.97507230266365,93.912404338949,79.93733203628535,6.719994165686663,27.115666628666222,0.1602178057999419,0.6220932462707176,0.022272803619644184,0.053219166949130065,0.0,0.0,1.0,N_max,N_min,hi,lo,worker,none,chipkaart,chipkaart,24.226566655434237,8.0
couple,D5,gamma_indexed,23.158645474735668,148.17101550502866,125.012370030293,6.398086436733618,40.4064519220981,0.1780123699922587,0.6077074975591278,0.013891832299140441,0.030476838949494687,0.0,0.0,1.0,N_max,N_min,hi,lo,worker,none,chipkaart,chipkaart,24.226566655434237,8.0
couple,D6,gamma_indexed,31.57842922560489,204.59995091061663,173.02152168501175,6.479104753719665,51.0369646164014,0.1745837427455776,0.5949712619076779,0.009356167337545691,0.025197463663366632,0.0,0.0,1.0,N_max,N_min,hi,lo,worker,none,chipkaart,chipkaart,24.226566655434237,8.0
couple,D7,b_bas_above_anchors,81.91212275485175,260.29954021037,178.3874174555183,3.177790190951341,85.4993964186565,0.0,0.9721549274437122,0.0,0.022663879407135303,0.0,0.0,0.0,N_emp,N_min,hi,hi,worker,none,chipkaart,chipkaart,24.226566655434237,8.0
couple,D8,b_bas_above_anchors,106.59652379177044,333.4214514800486,226.82492768827814,3.1278829704744058,109.69204517453096,0.0,0.9808915739199267,0.0,0.015450573112525996,0.0,0.0,0.0,N_emp,N_min,hi,hi,worker,none,chipkaart,chipkaart,24.226566655434237,8.0
couple,D9,b_bas_above_anchors,141.70613724413064,439.6267371037591,297.9205998596285,3.102383182927161,144.72514724919984,0.0,0.985326396388488,0.0,0.01163278592379153,0.0,0.0,0.0,N_emp,N_min,hi,hi,worker,none,chipkaart,chipkaart,24.226566655434237,8.0
couple,D10,b_bas_above_anchors,224.29940763395987,691.1072525232939,466.8078448893341,3.0811817998696194,227.60330816986956,0.0,0.9889562406270391,0.0,0.008387319903038667,0.0,0.0,0.0,N_emp,N_min,hi,hi,worker,none,chipkaart,chipkaart,24.226566655434237,8.0
couple_children,D2,gamma_indexed,4.13067378331096,57.9527610577112,53.82208727440024,14.029856652407663,10.72498776508401,0.01625126233613057,0.7533610044010745,0.09545072933455459,0.03009807314322867,0.0,0.0,1.0,N_max,N_min,hi,lo,worker,none,chipkaart,chipkaart,43.90594871803686,8.0
couple_children,D3,gamma_indexed,9.253943717808406,103.80937229139676,94.55542857358834,11.217852134936232,16.363827991540838,0.0911448826204949,0.6918554581820813,0.002163414020255981,0.021399105753628005,0.0,0.0,1.0,N_max,N_min,hi,lo,worker,none,chipkaart,chipkaart,43.90594871803686,8.0
couple_children,D4,gamma_indexed,14.430650636545522,172.53253412190287,158.10188348535735,11.95597748621018,24.607037079634004,0.10179411930016771,0.6596941308303036,0.0012203535149165616,0.010885524096927555,0.0,0.0,1.0,N_max,N_min,hi,lo,worker,none,chipkaart,chipkaart,43.90594871803686,8.0
couple_children,D5,b_bas_above_anchors,43.31847862209272,245.55678221276872,202.238303590676,5.668638189142984,45.52994724824427,0.0,0.9840300204272228,0.0,0.007229391420518242,0.0,0.0,0.0,N_max,N_min,hi,hi,worker,none,chipkaart,chipkaart,43.90594871803686,8.0
couple_children,D6,b_bas_above_anchors,56.94735356040287,322.54197265896374,265.5946190985609,5.663862365734875,59.89628880043699,0.0,0.9857238317624627,0.0,0.007045205189381133,0.0,0.0,0.0,N_max,N_min,hi,hi,worker,none,chipkaart,chipkaart,43.90594871803686,8.0
couple_children,D7,b_bas_above_anchors,71.7924642578591,405.1830194893416,333.3905552314825,5.643809885589578,75.30187131849333,0.0,0.9872498833127328,0.0,0.006267718821563165,0.0,0.0,0.0,N_max,N_min,hi,hi,worker,none,chipkaart,chipkaart,43.90594871803686,8.0
couple_children,D8,b_bas_above_anchors,89.92365735531413,504.9421984358316,415.0185410805175,5.615232001081321,93.91642762804632,0.0,0.9891193084006463,0.0,0.005148005221798389,0.0,0.0,0.0,N_max,N_min,hi,hi,worker,none,chipkaart,chipkaart,43.90594871803686,8.0
couple_children,D9,b_bas_above_anchors,116.26565619928662,649.8365523938937,533.5708961946071,5.58923910668885,120.97455501882172,0.0,0.9910065272886824,0.0,0.004117464246174564,0.0,0.0,0.0,N_max,N_min,hi,hi,worker,none,chipkaart,chipkaart,43.90594871803686,8.0
couple_children,D10,b_bas_above_anchors,178.65061236163112,992.9278270019734,814.2772146403422,5.557931282049302,180.25926887347785,0.0,0.9935774862281846,0.0,0.0027858320537842165,0.0,0.0,0.0,N_emp,N_min,hi,hi,worker,none,chipkaart,chipkaart,43.90594871803686,8.0
single,D2,gamma_indexed,1.8495854668304197,25.52750681119582,23.6779213443654,13.80174491473571,13.132753618560406,0.563173414232106,0.3121200177906865,0.012553229379700928,0.3078377103126454,0.0,0.25,1.0,N_max,N_min,hi,lo,worker,none,chipkaart,chipkaart,14.44156596738874,8.0
single,D3,gamma_indexed,13.656487640822888,61.97075876600502,48.31427112518213,4.537825566564998,34.22837846599508,0.4542689284354822,0.42835616893683265,0.005725835587511643,0.10981177015640906,0.0,0.0,1.0,N_max,N_min,hi,lo,worker,none,chipkaart,chipkaart,14.44156596738874,8.0
single,D4,gamma_indexed,25.7360572946152,97.57647176627,71.84041447165481,3.7914304685157076,46.905507230597,0.36986667121633576,0.4697891669693857,0.017257995292501372,0.053971146182763746,0.0,0.0,1.0,N_max,N_min,hi,lo,worker,none,chipkaart,chipkaart,14.44156596738874,8.0
single,D5,gamma_indexed,34.57536731804918,136.33262259918405,101.75725528113486,3.9430563772496816,62.69525797897392,0.40074502726150457,0.44420187661556854,0.012159919572698918,0.036509365626265174,0.0,0.0,1.0,N_max,N_min,hi,lo,worker,none,chipkaart,chipkaart,14.44156596738874,8.0
single,D6,gamma_indexed,25.25725540428347,174.63900503174688,149.38174962746342,6.914409433501995,75.85202794876511,0.3298518486284381,0.36608398809404563,0.17601816097959422,0.028582070917814992,0.0,0.0,1.0,N_max,N_min,hi,lo,worker,none,chipkaart,chipkaart,14.44156596738874,8.0
single,D7,gamma_indexed,43.36697519721908,217.90656881728503,174.53959362006594,5.0247121877031065,80.48311850691431,0.2895654984681159,0.3653195202616428,0.13709136370972114,0.023714684881139012,0.0,0.0,1.0,N_max,N_min,hi,lo,worker,none,chipkaart,chipkaart,14.44156596738874,8.0
single,D8,b_bas_above_anchors,121.05996588267604,227.636505438484,106.57653955580795,1.8803615528778148,127.705489240652,0.0,0.9493142357992439,0.0,0.04807002892420821,0.0,0.0,0.0,N_max,N_min,hi,hi,worker,none,chipkaart,chipkaart,14.44156596738874,8.0
single,D9,b_bas_above_anchors,161.40753167345068,303.4974237411344,142.08989206768373,1.8803176072052874,170.2832690066175,0.0,0.9494472433804401,0.0,0.04804432305711432,0.0,0.0,0.0,N_max,N_min,hi,hi,worker,none,chipkaart,chipkaart,14.44156596738874,8.0
single,D10,b_bas_above_anchors,260.48108516777063,483.1263633265164,222.64527815874578,1.8547464320311182,266.7701089915227,0.0,0.9647730177614351,0.0,0.032113532027896075,0.0,0.0,0.0,N_emp,N_min,hi,hi,worker,none,chipkaart,chipkaart,14.44156596738874,8.0
single_parent,D2,point,3.6236271122835455,41.97800382444683,38.35437671216329,11.584526366454146,10.696305997382764,0.0,0.7299687007745802,0.17019680468384651,0.03506432359046792,0.0,0.0,0.0,N_max,N_min,hi,lo,worker,none,chipkaart,chipkaart,32.04773874370643,8.0
single_parent,D3,gamma_indexed,8.273996337710416,74.60112823905575,66.32713190134534,9.016335661045193,15.61978128499286,0.13261050444740138,0.6455405084169396,0.003956918270924291,0.0345250262457948,0.0,0.0,1.0,N_max,N_min,hi,lo,worker,none,chipkaart,chipkaart,32.04773874370643,8.0
single_parent,D4,gamma_indexed,14.757216569704347,129.2918119994585,114.53459542975415,8.76126005122718,25.157866625838665,0.14584908773360228,0.6276969505507263,0.002198054655788723,0.012835421398928362,0.0,0.0,1.0,N_max,N_min,hi,lo,worker,none,chipkaart,chipkaart,32.04773874370643,8.0
single_parent,D5,b_bas_above_anchors,43.399208945306846,187.2423983788899,143.84318943358306,4.314419615686063,48.65135664024248,0.0,0.9665371369712167,0.0,0.02443680610796473,0.0,0.0,0.0,N_max,N_min,hi,hi,worker,none,chipkaart,chipkaart,32.04773874370643,8.0
single_parent,D6,b_bas_above_anchors,59.84973924194649,248.50809967638543,188.65836043443895,4.152200207118283,64.98046234633676,0.0,0.9842822101965124,0.0,0.01218134243621687,0.0,0.0,0.0,N_max,N_min,hi,hi,worker,none,chipkaart,chipkaart,32.04773874370643,8.0
single_parent,D7,b_bas_above_anchors,77.07329707568316,314.2747966304034,237.20149955472021,4.077609347914584,78.29226889411214,0.0,0.992169121797272,0.0,0.005810945929775467,0.0,0.0,0.0,N_emp,N_min,hi,hi,worker,none,chipkaart,chipkaart,32.04773874370643,8.0
single_parent,D8,b_bas_above_anchors,96.39939771219576,393.6643002946258,297.26490258243,4.083680081383145,97.95619710425947,0.0,0.9905411872652213,0.0,0.006290939269723823,0.0,0.0,0.0,N_emp,N_min,hi,hi,worker,none,chipkaart,chipkaart,32.04773874370643,8.0
single_parent,D9,b_bas_above_anchors,124.2673210814884,508.9728961146545,384.70557503316604,4.095790362945823,126.42769977732031,0.0,0.9878659459089728,0.0,0.007242836875717653,0.0,0.0,0.0,N_emp,N_min,hi,hi,worker,none,chipkaart,chipkaart,32.04773874370643,8.0
single_parent,D10,b_bas_above_anchors,191.78736893645103,782.0088842844352,590.2215153479842,4.077478556700753,194.15952768074592,0.0,0.9888443310803399,0.0,0.0058005838508495946,0.0,0.0,0.0,N_emp,N_min,hi,hi,worker,none,chipkaart,chipkaart,32.04773874370643,8.0
