variant,low_D2-D10,central_D2-D10,high_D2-D10,low_D2-D4,central_D2-D4,high_D2-D4
X_M calc.R settings,1.0,1.0,1.0,1.0,1.0,1.0
unit: per journey,1.053,1.055,1.059,1.046,1.06,1.059
n_lower: lowest decile,1.0,1.0,0.373,1.0,1.0,0.373
income_bridge: per adult,1.142,1.127,1.105,1.755,1.446,1.349
aggregates: ODiN 2022-23,1.03,1.019,1.0,0.969,1.002,1.0
car_all_tariffs,1.0,1.0,1.0,1.0,1.0,1.0
price_base: 2022 euros,0.966,0.966,0.97,0.76,0.917,0.984
spread: gamma only,1.103,1.0,0.265,1.59,1.0,0.264
gamma_anchor: 0 (not adopted),1.0,1.0,1.0,1.438,1.136,1.0
adopted method (defaults),1.262,1.155,0.352,2.472,1.356,0.391
