unit,km,share
tour,0.5,0.001972013004429831
tour,1.0,0.013269582919038085
tour,1.5,0.022113281052832306
tour,2.0,0.06170742158930071
tour,2.5,0.07393910263381101
tour,3.0,0.10059532188238748
tour,3.5,0.11176108994225911
tour,4.0,0.16169176922805675
tour,4.5,0.17333759545409744
tour,5.0,0.19856096812786753
tour,5.5,0.20993884224542197
tour,6.0,0.251516821944644
tour,6.5,0.2614735097655686
tour,7.0,0.28049409841896006
tour,7.5,0.2891978898720645
tour,8.0,0.3230340284001658
tour,8.5,0.3309816199277821
tour,9.0,0.3457106174804265
tour,9.5,0.3528040121914753
tour,10.0,0.3984337719784269
tour,10.5,0.40522409902524015
tour,11.0,0.4166227341881173
tour,11.5,0.42214221039042255
tour,12.0,0.44717675163588405
tour,12.5,0.4526355885718183
tour,13.0,0.46398807123549446
tour,13.5,0.47004941605846917
tour,14.0,0.49028018515162985
tour,14.5,0.49451857802541943
tour,15.0,0.5054859111171283
tour,15.5,0.5101086664782938
tour,16.0,0.5307020256543352
tour,16.5,0.5348820718266981
tour,17.0,0.5422582772982495
tour,17.5,0.5454356483649689
tour,18.0,0.5578516546173824
tour,18.5,0.5612744452306515
tour,19.0,0.5668036790608326
tour,19.5,0.5702929660565315
tour,20.0,0.5963445887529434
tour,22.5,0.6207626618637285
tour,25.0,0.6477493032112676
tour,27.5,0.6657783497737685
tour,30.0,0.6950829944972834
tour,32.5,0.7090813216305428
tour,35.0,0.7240177399837993
tour,37.5,0.7366567139710801
tour,40.0,0.7579127599186405
tour,42.5,0.7679230238469783
tour,45.0,0.7784483953731623
tour,47.5,0.7863948806003092
tour,50.0,0.8013801709509709
tour,52.5,0.8082200440282403
tour,55.0,0.8148758593581005
tour,57.5,0.8210232508608244
tour,60.0,0.8319307489011856
tour,62.5,0.8374614329679809
tour,65.0,0.8440708744352735
tour,67.5,0.8490202801065055
tour,70.0,0.8567003197876404
tour,72.5,0.8611707508281363
tour,75.0,0.865828697976527
tour,77.5,0.8690670040014467
tour,80.0,0.8758463781878268
tour,82.5,0.8794554222455128
tour,85.0,0.8836463796719812
tour,87.5,0.8868347314160677
tour,90.0,0.8925420518877664
tour,92.5,0.8948473776569259
tour,95.0,0.8971673697415266
tour,97.5,0.8997100730571849
tour,100.0,0.9055238621399486
tour,125.0,0.9317629301191771
tour,150.0,0.9517252260467131
tour,175.0,0.9643910456556501
tour,200.0,0.976902463795066
tour,225.0,0.9837539219998471
tour,250.0,0.9891445429858059
tour,275.0,0.992539406459797
tour,300.0,0.9952993558643175
tour,325.0,0.9968523135457736
tour,350.0,0.9979140515005138
tour,375.0,0.9985690258742841
tour,400.0,0.9990344022585484
tour,425.0,0.9993775161323812
tour,450.0,0.9997179023335305
tour,475.0,0.999931447153669
tour,500.0,0.999931447153669
tour,525.0,0.9999501209858174
tour,550.0,0.9999501209858174
tour,575.0,1.0
tour,600.0,1.0
tour,625.0,1.0
tour,650.0,1.0
tour,675.0,1.0
tour,700.0,1.0
tour,725.0,1.0
tour,750.0,1.0
tour,775.0,1.0
tour,800.0,1.0
tour,825.0,1.0
tour,850.0,1.0
tour,875.0,1.0
tour,900.0,1.0
tour,925.0,1.0
tour,950.0,1.0
tour,975.0,1.0
tour,1000.0,1.0
journey,0.5,0.015776757272064183
journey,1.0,0.07795237384094049
journey,1.5,0.11929520111522993
journey,2.0,0.1947849161096714
journey,2.5,0.2288862113320507
journey,3.0,0.29383644451142743
journey,3.5,0.318991039058539
journey,4.0,0.36805723096288945
journey,4.5,0.38602019430105244
journey,5.0,0.4476161664843375
journey,5.5,0.46127941626206226
journey,6.0,0.4948287557419446
journey,6.5,0.5077179642545852
journey,7.0,0.5375026051884096
journey,7.5,0.5486263676668166
journey,8.0,0.5782566664258876
journey,8.5,0.5861652233463155
journey,9.0,0.601657447885996
journey,9.5,0.6077060650554881
journey,10.0,0.6454197710489158
journey,10.5,0.648446258468645
journey,11.0,0.6617591992659181
journey,11.5,0.6640451010742153
journey,12.0,0.6822352643172849
journey,12.5,0.6847798428878604
journey,13.0,0.6970249074395416
journey,13.5,0.6990482678562006
journey,14.0,0.7085289179694054
journey,14.5,0.7103899142486432
journey,15.0,0.7312120174126214
journey,15.5,0.7330136858903812
journey,16.0,0.742314651751955
journey,16.5,0.7438824660253316
journey,17.0,0.7524596676863474
journey,17.5,0.7538660628901869
journey,18.0,0.7628296182876566
journey,18.5,0.7645582865622148
journey,19.0,0.7695398247143118
journey,19.5,0.7703533731626242
journey,20.0,0.7889731810417029
journey,22.5,0.8045329347901977
journey,25.0,0.8266851208897789
journey,27.5,0.8362792070683206
journey,30.0,0.8544719338988125
journey,32.5,0.8626189447203597
journey,35.0,0.8745524569728231
journey,37.5,0.8800362417568018
journey,40.0,0.890838168967998
journey,42.5,0.8956473282524682
journey,45.0,0.9034149960726388
journey,47.5,0.9070458279476485
journey,50.0,0.9140983115961175
journey,52.5,0.917124750863169
journey,55.0,0.921792543697295
journey,57.5,0.9249546958297478
journey,60.0,0.9308742200848105
journey,62.5,0.9335876777614377
journey,65.0,0.9381651917037052
journey,67.5,0.940444437265828
journey,70.0,0.9443575183354829
journey,72.5,0.946285696513851
journey,75.0,0.9491413654957288
journey,77.5,0.9509758699873166
journey,80.0,0.9544603367696257
journey,82.5,0.9563500604453429
journey,85.0,0.9586394936715658
journey,87.5,0.9599510014365331
journey,90.0,0.9630275897556643
journey,92.5,0.96434399354747
journey,95.0,0.9658227254468161
journey,97.5,0.9670412517703953
journey,100.0,0.970161652224884
journey,125.0,0.9815990046811683
journey,150.0,0.9895692572848689
journey,175.0,0.9934980061537958
journey,200.0,0.9965350870406345
journey,225.0,0.9985340460203139
journey,250.0,0.9994837265967575
journey,275.0,0.9996040339795712
journey,300.0,0.9998465702786657
journey,325.0,0.9999452385036623
journey,350.0,0.9999452385036623
journey,375.0,0.9999452385036623
journey,400.0,0.9999886769708666
journey,425.0,0.9999886769708666
journey,450.0,0.9999886769708666
journey,475.0,0.9999886769708666
journey,500.0,0.9999886769708666
journey,525.0,0.9999886769708666
journey,550.0,0.9999886769708666
journey,575.0,1.0
journey,600.0,1.0
journey,625.0,1.0
journey,650.0,1.0
journey,675.0,1.0
journey,700.0,1.0
journey,725.0,1.0
journey,750.0,1.0
journey,775.0,1.0
journey,800.0,1.0
journey,825.0,1.0
journey,850.0,1.0
journey,875.0,1.0
journey,900.0,1.0
journey,925.0,1.0
journey,950.0,1.0
journey,975.0,1.0
journey,1000.0,1.0
